Артикул;Ozon Product ID;SKU;Barcode;Название товара;Контент-рейтинг;Бренд;Статус товара;Отзывы;Рейтинг;Видимость на Ozon;Причины скрытия;Дата создания;Категория;Тип;Объем товара, л;Объемный вес, кг;Доступно к продаже по схеме FBO, шт.;Зарезервировано, шт;Доступно к продаже по схеме FBS, шт.;Доступно к продаже по схеме realFBS, шт.;Зарезервировано на моих складах, шт;Текущая цена с учетом скидки, ₽;Цена до скидки (перечеркнутая цена), ₽;Цена Premium, ₽;Размер НДС, %
'Термонаклейка Барби фон розовый круг;974167477;1506380691;OZN1506380691;Термонаклейка для одежды: Барби фон розовый круг;'47.5;Amazing pics;Продается;5;'5.00;Показывается;;27.03.2024 14:01;Материал для рукоделия;Термонаклейка;'0.04;'0.1;37;0;0;0;0;298.00;428.00;;0%
'Термонаклейка Черный Кот Силует астрономия;974356479;1506320059;OZN1506320059;Термонаклейка для одежды: Черный Кот Силует астрономия;'47.5;Amazing pics;Продается;23;'5.00;Показывается;;27.03.2024 14:40;Материал для рукоделия;Термонаклейка;'0.07;'0.1;35;0;0;0;0;298.00;524.00;;0%
'Термонаклейка Эльза Анна Холодное сердце паттерн;974356494;1506318673;OZN1506318673;Термонаклейка для одежды: Эльза Анна Холодное сердце паттерн;'47.5;Amazing pics;Продается;5;'5.00;Показывается;;27.03.2024 14:40;Материал для рукоделия;Термонаклейка;'0.04;'0.1;14;0;0;0;0;298.00;428.00;;0%
'Термонаклейка Аниме девочка черные очки язык;974356495;1506381390;OZN1506381390;Термонаклейка для одежды: Аниме девочка черные очки, язык;'47.5;Amazing pics;Продается;18;'5.00;Показывается;;27.03.2024 14:40;Материал для рукоделия;Термонаклейка;'0.07;'0.1;17;0;0;0;0;298.00;524.00;;0%
'Термонаклейка Соник Ежик бежит пис мир рука;974356496;1506318830;OZN1506318830;Термонаклейка для одежды: Соник Ежик бежит пис мир рука;'47.5;Amazing pics;Продается;10;'5.00;Показывается;;27.03.2024 14:40;Материал для рукоделия;Термонаклейка;'0.04;'0.1;39;0;0;0;0;298.00;428.00;;0%
'Термонаклейка Девушка на закате держат руки море;974356504;1506332556;OZN1506332556;Термонаклейка для одежды: Девушка на закате держат руки море;'47.5;Amazing pics;Продается;6;'5.00;Показывается;;27.03.2024 14:40;Материал для рукоделия;Термонаклейка;'0.07;'0.1;16;0;0;0;0;298.00;524.00;;0%
'Термонаклейка Человек Паук Лого позади;974356506;1506318448;OZN1506318448;Термонаклейка для одежды: Человек Паук Лого позади;'47.5;Amazing pics;Продается;46;'5.00;Показывается;;27.03.2024 14:40;Материал для рукоделия;Термонаклейка;'0.04;'0.1;78;0;0;0;0;298.00;428.00;;0%
'Термонаклейка Покемоны Пикачу и Эш Кетчум;974356518;1506319309;OZN1506319309;Термонаклейка для одежды: Покемоны Пикачу и Эш Кетчум;'47.5;Amazing pics;Продается;11;'5.00;Показывается;;27.03.2024 14:40;Материал для рукоделия;Термонаклейка;'0.04;'0.1;29;0;0;0;0;298.00;428.00;;0%
'Термонаклейка Тигр Краски Дизайн;974356520;1506331021;OZN1506331021;Термонаклейка для одежды: Тигр Краски Дизайн;'47.5;Amazing pics;Продается;16;'5.00;Показывается;;27.03.2024 14:40;Материал для рукоделия;Термонаклейка;'0.07;'0.1;24;0;0;0;0;298.00;524.00;;0%
'Термонаклейка Миньоны на банане;974356522;1506318961;OZN1506318961;Термонаклейка для одежды: Миньоны на банане;'47.5;Amazing pics;Продается;9;'5.00;Показывается;;27.03.2024 14:40;Материал для рукоделия;Термонаклейка;'0.04;'0.1;42;0;0;0;0;298.00;428.00;;0%
'Термонаклейка Собачка в очках язык;974356523;1506318312;OZN1506318312;Термонаклейка для одежды: Собачка в очках язык;'47.5;Amazing pics;Готов к продаже;3;'5.00;Показывается;;27.03.2024 14:40;Материал для рукоделия;Термонаклейка;'0.04;'0.1;0;0;0;0;0;285.00;428.00;;0%
'Термонаклейка Человек Паук синий белый круг;974356529;1506318681;OZN1506318681;Термонаклейка для одежды: Человек Паук синий белый круг;'47.5;Amazing pics;Продается;7;'5.00;Показывается;;27.03.2024 14:40;Материал для рукоделия;Термонаклейка;'0.04;'0.1;17;0;0;0;0;298.00;428.00;;0%
'Термонаклейка Человек Паук синий желтый круг;974356530;1506319067;OZN1506319067;Термонаклейка для одежды: Человек Паук синий желтый круг;'47.5;Amazing pics;Продается;8;'5.00;Показывается;;27.03.2024 14:40;Материал для рукоделия;Термонаклейка;'0.04;'0.1;15;0;0;0;0;298.00;428.00;;0%
'Термонаклейка Микки Маус показывает язык;974356537;1506319200;OZN1506319200;Термонаклейка для одежды: Микки Маус показывает язык;'47.5;Amazing pics;Продается;11;'5.00;Показывается;;27.03.2024 14:40;Материал для рукоделия;Термонаклейка;'0.04;'0.1;29;0;0;0;0;298.00;428.00;;0%
'Термонаклейка Губы Язык Краски Дизайн;974356538;1506333119;OZN1506333119;Термонаклейка для одежды: Губы Язык Краски Дизайн;'47.5;Amazing pics;Продается;31;'5.00;Показывается;;27.03.2024 14:40;Материал для рукоделия;Термонаклейка;'0.07;'0.1;37;0;0;0;0;298.00;524.00;;0%
'Термонаклейка Барт с рогаткой Симпсоны;974356540;1506319410;OZN1506319410;Термонаклейка для одежды: Барт с рогаткой Симпсоны;'47.5;Amazing pics;Продается;24;'5.00;Показывается;;27.03.2024 14:40;Материал для рукоделия;Термонаклейка;'0.04;'0.1;43;1;0;0;0;298.00;428.00;;0%
'Термонаклейка Котенок в розовой кружке;974356542;1506318769;OZN1506318769;Термонаклейка для одежды: Котенок в розовой кружке;'47.5;Amazing pics;Продается;5;'5.00;Показывается;;27.03.2024 14:40;Материал для рукоделия;Термонаклейка;'0.04;'0.1;21;0;0;0;0;298.00;428.00;;0%
'Термонаклейка Винни Пух и друзья на шаре;974356543;1506319209;OZN1506319209;Термонаклейка для одежды: Винни Пух и друзья на шаре;'47.5;Amazing pics;Продается;4;'5.00;Показывается;;27.03.2024 14:40;Материал для рукоделия;Термонаклейка;'0.04;'0.1;25;0;0;0;0;298.00;428.00;;0%
'Термонаклейка Аниме девочка белые волосы уши кошки;974356546;1506331023;OZN1506331023;Термонаклейка для одежды: Аниме девочка белые волосы уши кошки;'47.5;Amazing pics;Продается;5;'5.00;Показывается;;27.03.2024 14:40;Материал для рукоделия;Термонаклейка;'0.07;'0.1;19;0;0;0;0;298.00;524.00;;0%
'Термонаклейка Собачка красный бантик;974356547;1506318949;OZN1506318949;Термонаклейка для одежды: Собачка красный бантик;'47.5;Amazing pics;Продается;5;'5.00;Показывается;;27.03.2024 14:40;Материал для рукоделия;Термонаклейка;'0.04;'0.1;34;0;0;0;0;298.00;428.00;;0%
'Термонаклейка Девушка холст растут цветы;974356549;1506332524;OZN1506332524;Термонаклейка для одежды: Девушка холст растут цветы;'47.5;Amazing pics;Продается;19;'5.00;Показывается;;27.03.2024 14:40;Материал для рукоделия;Термонаклейка;'0.07;'0.1;19;0;0;0;0;298.00;524.00;;0%
'Термонаклейка Девушка макияж Хэллоуин;974356551;1506331665;OZN1506331665;Термонаклейка для одежды: Девушка макияж Хэллоуин;'47.5;Amazing pics;Продается;30;'5.00;Показывается;;27.03.2024 14:40;Материал для рукоделия;Термонаклейка;'0.07;'0.1;30;0;0;0;0;298.00;524.00;;0%
'Термонаклейка Сердце отпечаток пальца красный;974356557;1506320223;OZN1506320223;Термонаклейка для одежды: Сердце отпечаток пальца красный;'47.5;Amazing pics;Продается;36;'5.00;Показывается;;27.03.2024 14:40;Материал для рукоделия;Термонаклейка;'0.07;'0.1;46;0;0;0;0;298.00;524.00;;0%
'Термонаклейка Котята на качелях;974356561;1506318429;OZN1506318429;Термонаклейка для одежды: Котята на качелях;'47.5;Amazing pics;Продается;6;'5.00;Показывается;;27.03.2024 14:40;Материал для рукоделия;Термонаклейка;'0.04;'0.1;21;0;0;0;0;298.00;428.00;;0%
'Термонаклейка Три Миньона бегут;974356601;1506318642;OZN1506318642;Термонаклейка для одежды: Три Миньона бегут;'47.5;Amazing pics;Продается;15;'5.00;Показывается;;27.03.2024 14:40;Материал для рукоделия;Термонаклейка;'0.04;'0.1;38;0;0;0;0;298.00;428.00;;0%
'Термонаклейка Девушка гладиолус цветы;974356613;1506319820;OZN1506319820;Термонаклейка для одежды: Девушка гладиолус цветы;'47.5;Amazing pics;Продается;29;'5.00;Показывается;;27.03.2024 14:40;Материал для рукоделия;Термонаклейка;'0.07;'0.1;25;0;0;0;0;298.00;524.00;;0%
'Термонаклейка Котенок с цветами ромашками;974356615;1506319317;OZN1506319317;Термонаклейка для одежды: Котенок с цветами ромашками;'47.5;Amazing pics;Продается;6;'5.00;Показывается;;27.03.2024 14:40;Материал для рукоделия;Термонаклейка;'0.04;'0.1;16;0;0;0;0;298.00;428.00;;0%
'Термонаклейка Зайчик синий комбинезон шагает;974356623;1506318654;OZN1506318654;Термонаклейка для одежды: Зайчик синий комбинезон шагает;'47.5;Amazing pics;Продается;6;'5.00;Показывается;;27.03.2024 14:40;Материал для рукоделия;Термонаклейка;'0.04;'0.1;26;0;0;0;0;298.00;428.00;;0%
'Термонаклейка Минни Маус Единорог розовый;974356625;1506319322;OZN1506319322;Термонаклейка для одежды: Минни Маус Единорог розовый;'47.5;Amazing pics;Продается;7;'5.00;Показывается;;27.03.2024 14:40;Материал для рукоделия;Термонаклейка;'0.04;'0.1;15;0;0;0;0;298.00;428.00;;0%
'Термонаклейка Девушка силует обнимают природа;974356630;1506331474;OZN1506331474;Термонаклейка для одежды: Девушка силует обнимают природа;'47.5;Amazing pics;Продается;11;'5.00;Показывается;;27.03.2024 14:40;Материал для рукоделия;Термонаклейка;'0.07;'0.1;18;0;0;0;0;298.00;524.00;;0%
'Термонаклейка Единорог ресницы цветы уши;974356632;1506318496;OZN1506318496;Термонаклейка для одежды: Единорог ресницы цветы уши;'47.5;Amazing pics;Продается;1;'5.00;Показывается;;27.03.2024 14:40;Материал для рукоделия;Термонаклейка;'0.04;'0.1;16;0;0;0;0;298.00;428.00;;0%
'Термонаклейка Собачка в шляпе;974356633;1506319095;OZN1506319095;Термонаклейка для одежды: Собачка в шляпе;'47.5;Amazing pics;Продается;1;'5.00;Показывается;;27.03.2024 14:40;Материал для рукоделия;Термонаклейка;'0.04;'0.1;14;0;0;0;0;298.00;428.00;;0%
'Термонаклейка Акула серфинг в очках;974356634;1506319423;OZN1506319423;Термонаклейка для одежды: Акула серфинг в очках;'47.5;Amazing pics;Продается;10;'5.00;Показывается;;27.03.2024 14:40;Материал для рукоделия;Термонаклейка;'0.04;'0.1;23;0;0;0;0;298.00;428.00;;0%
'Термонаклейка Человек Паук Лого круг;974356644;1506319072;OZN1506319072;Термонаклейка для одежды: Человек Паук Лого круг;'47.5;Amazing pics;Продается;7;'5.00;Показывается;;27.03.2024 14:40;Материал для рукоделия;Термонаклейка;'0.04;'0.1;15;0;0;0;0;298.00;428.00;;0%
'Термонаклейка Единороги голубой и розовый;974356645;1506319397;OZN1506319397;Термонаклейка для одежды: Единороги голубой и розовый;'47.5;Amazing pics;Продается;38;'5.00;Показывается;;27.03.2024 14:40;Материал для рукоделия;Термонаклейка;'0.04;'0.1;37;0;0;0;0;298.00;428.00;;0%
'Термонаклейка Зайчик ромашка в руках;974356649;1506318053;OZN1506318053;Термонаклейка для одежды: Зайчик ромашка в руках;'47.5;Amazing pics;Продается;18;'5.00;Показывается;;27.03.2024 14:40;Материал для рукоделия;Термонаклейка;'0.04;'0.1;48;0;0;0;0;298.00;428.00;;0%
'Термонаклейка Соник Ежик бежит синий фон краски;974356657;1506319590;OZN1506319590;Термонаклейка для одежды: Соник Ежик бежит синий фон краски;'47.5;Amazing pics;Продается;23;'5.00;Показывается;;27.03.2024 14:40;Материал для рукоделия;Термонаклейка;'0.04;'0.1;47;0;0;0;0;298.00;428.00;;0%
'Термонаклейка Лисенок с кружкой;974356672;1506319495;OZN1506319495;Термонаклейка для одежды: Лисенок с кружкой;'22.5;Amazing pics;Продается;11;'5.00;Показывается;;27.03.2024 14:40;Материал для рукоделия;Термонаклейка;'0.04;'0.1;38;0;0;0;0;298.00;428.00;;0%
'Термонаклейка Собачка синий бантик;974356678;1506319427;OZN1506319427;Термонаклейка для одежды: Собачка синий бантик;'47.5;Amazing pics;Продается;2;'5.00;Показывается;;27.03.2024 14:40;Материал для рукоделия;Термонаклейка;'0.04;'0.1;32;0;0;0;0;298.00;428.00;;0%
'Термонаклейка Лило и Стич сидят;974356680;1506319334;OZN1506319334;Термонаклейка для одежды: Лило и Стич сидят;'47.5;Amazing pics;Продается;64;'5.00;Показывается;;27.03.2024 14:40;Материал для рукоделия;Термонаклейка;'0.04;'0.1;41;0;0;0;0;298.00;428.00;;0%
'Термонаклейка Мэрилин Монро Поп арт жвачка;974356686;1506320005;OZN1506320005;Термонаклейка для одежды: Мэрилин Монро Поп арт жвачка;'47.5;Amazing pics;Продается;70;'5.00;Показывается;;27.03.2024 14:40;Материал для рукоделия;Термонаклейка;'0.29;'0.1;43;0;0;0;0;298.00;524.00;;0%
'Термонаклейка Сова розовая;974356693;1506319456;OZN1506319456;Термонаклейка для одежды: Сова розовая;'47.5;Amazing pics;Продается;8;'5.00;Показывается;;27.03.2024 14:40;Материал для рукоделия;Термонаклейка;'0.04;'0.1;24;0;0;0;0;298.00;428.00;;0%
'Термонаклейка Одри Хепбёрн холст Vogue;974356694;1506332421;OZN1506332421;Термонаклейка для одежды: Одри Хепбёрн холст Vogue;'42.5;Amazing pics;Продается;22;'5.00;Показывается;;27.03.2024 14:40;Материал для рукоделия;Термонаклейка;'0.07;'0.1;29;0;0;0;0;298.00;524.00;;0%
'Термонаклейка Зайка балерина;974356701;1506318852;OZN1506318852;Термонаклейка для одежды: Зайка балерина;'47.5;Amazing pics;Продается;41;'5.00;Показывается;;27.03.2024 14:40;Материал для рукоделия;Термонаклейка;'0.04;'0.1;52;0;0;0;0;298.00;428.00;;0%
'Термонаклейка Леопардовое сердце розовое;974356705;1506320308;OZN1506320308;Термонаклейка для одежды: Леопардовое сердце розовое;'47.5;Amazing pics;Продается;26;'5.00;Показывается;;27.03.2024 14:40;Материал для рукоделия;Термонаклейка;'0.07;'0.1;53;0;0;0;0;298.00;524.00;;0%
'Термонаклейка Спанч Боб и друзья Keep Vibes;974356710;1506319594;OZN1506319594;Термонаклейка для одежды: Спанч Боб и друзья Keep Vibes;'42.5;Amazing pics;Продается;6;'5.00;Показывается;;27.03.2024 14:40;Материал для рукоделия;Термонаклейка;'0.04;'0.1;11;0;0;0;0;298.00;428.00;;0%
'Термонаклейка Русалочка поправляет прическу;974356711;1506319227;OZN1506319227;Термонаклейка для одежды: Русалочка поправляет прическу;'47.5;Amazing pics;Продается;17;'5.00;Показывается;;27.03.2024 14:40;Материал для рукоделия;Термонаклейка;'0.04;'0.1;36;0;0;0;0;298.00;428.00;;0%
'Термонаклейка Котенок с шариком сердечко;974356713;1506319215;OZN1506319215;Термонаклейка для одежды: Котенок с шариком сердечко;'47.5;Amazing pics;Продается;4;'5.00;Показывается;;27.03.2024 14:40;Материал для рукоделия;Термонаклейка;'0.04;'0.1;22;0;0;0;0;298.00;428.00;;0%
'Термонаклейка Сейлор Мун Sailor Moon голубой фон;974356717;1506331468;OZN1506331468;Термонаклейка для одежды: Сейлор Мун Sailor Moon голубой фон;'47.5;Amazing pics;Продается;27;'5.00;Показывается;;27.03.2024 14:40;Материал для рукоделия;Термонаклейка;'0.07;'0.1;32;0;0;0;0;298.00;524.00;;0%
'Термонаклейка Марвел супергерои 4 верт фона;974356718;1506319337;OZN1506319337;Термонаклейка для одежды: Марвел супергерои 4 верт фона;'47.5;Amazing pics;Продается;18;'5.00;Показывается;;27.03.2024 14:40;Материал для рукоделия;Термонаклейка;'0.04;'0.1;44;0;0;0;0;298.00;428.00;;0%
'Термонаклейка Человек Паук круг красный синий;974356720;1506319420;OZN1506319420;Термонаклейка для одежды: Человек Паук круг красный синий;'47.5;Amazing pics;Готов к продаже;1;'5.00;Показывается;;27.03.2024 14:40;Материал для рукоделия;Термонаклейка;'0.04;'0.1;0;0;0;0;0;285.00;428.00;;0%
'Термонаклейка Лев Краски Дизайн;974356722;1506331166;OZN1506331166;Термонаклейка для одежды: Лев Краски Дизайн;'47.5;Amazing pics;Продается;60;'5.00;Показывается;;27.03.2024 14:40;Материал для рукоделия;Термонаклейка;'0.07;'0.1;48;0;0;0;0;298.00;524.00;;0%
'Термонаклейка Эльза Холодное сердце синий круг;974356723;1506319362;OZN1506319362;Термонаклейка для одежды: Эльза Холодное сердце синий круг;'47.5;Amazing pics;Продается;10;'5.00;Показывается;;27.03.2024 14:40;Материал для рукоделия;Термонаклейка;'0.04;'0.1;24;0;0;0;0;298.00;428.00;;0%
'Термонаклейка Динозавр в очках играет на гитаре;974356724;1506319597;OZN1506319597;Термонаклейка для одежды: Динозавр в очках играет на гитаре;'47.5;Amazing pics;Продается;7;'5.00;Показывается;;27.03.2024 14:40;Материал для рукоделия;Термонаклейка;'0.04;'0.1;24;0;0;0;0;298.00;428.00;;0%
'Термонаклейка Щенячий патруль 2 Маршал Крепыш;974356726;1506319229;OZN1506319229;Термонаклейка для одежды: Щенячий патруль 2 Маршал Крепыш;'47.5;Amazing pics;Продается;13;'5.00;Показывается;;27.03.2024 14:40;Материал для рукоделия;Термонаклейка;'0.04;'0.1;36;1;0;0;0;298.00;428.00;;0%
'Термонаклейка Миньон с бананами;974356734;1506319088;OZN1506319088;Термонаклейка для одежды: Миньон с бананами;'47.5;Amazing pics;Продается;14;'5.00;Показывается;;27.03.2024 14:40;Материал для рукоделия;Термонаклейка;'0.04;'0.1;30;0;0;0;0;298.00;428.00;;0%
'Термонаклейка Жирафвыглядывает замок одежды;974356737;1506318334;OZN1506318334;Термонаклейка для одежды: Жирафвыглядывает замок одежды;'47.5;Amazing pics;Продается;5;'5.00;Показывается;;27.03.2024 14:40;Материал для рукоделия;Термонаклейка;'0.04;'0.1;23;0;0;0;0;298.00;428.00;;0%
'Термонаклейка Единорог с ромашкой сердечки;974356738;1506319032;OZN1506319032;Термонаклейка для одежды: Единорог с ромашкой сердечки;'47.5;Amazing pics;Продается;57;'5.00;Показывается;;27.03.2024 14:40;Материал для рукоделия;Термонаклейка;'0.04;'0.1;56;0;0;0;0;298.00;428.00;;0%
'Термонаклейка Динозавр в очках ест бургер;974356753;1506318356;OZN1506318356;Термонаклейка для одежды: Динозавр в очках ест бургер;'47.5;Amazing pics;Продается;7;'5.00;Показывается;;27.03.2024 14:40;Материал для рукоделия;Термонаклейка;'0.04;'0.1;28;0;0;0;0;298.00;428.00;;0%
'Термонаклейка Спанч Боб и друзья;974356755;1506319347;OZN1506319347;Термонаклейка для одежды: Спанч Боб и друзья;'42.5;Amazing pics;Продается;19;'5.00;Показывается;;27.03.2024 14:40;Материал для рукоделия;Термонаклейка;'0.04;'0.1;31;0;0;0;0;298.00;428.00;;0%
'Термонаклейка Сейлор Мун Sailor Moon радуется;974356757;1506320185;OZN1506320185;Термонаклейка для одежды: Сейлор Мун Sailor Moon радуется;'47.5;Amazing pics;Продается;15;'5.00;Показывается;;27.03.2024 14:40;Материал для рукоделия;Термонаклейка;'0.07;'0.1;27;0;0;0;0;298.00;524.00;;0%
'Термонаклейка Морская Черепаха Море силует;974356767;1506331467;OZN1506331467;Термонаклейка для одежды: Морская Черепаха Море силует;'47.5;Amazing pics;Продается;28;'5.00;Показывается;;27.03.2024 14:40;Материал для рукоделия;Термонаклейка;'0.07;'0.1;54;0;0;0;0;298.00;524.00;;0%
'Термонаклейка Человек Паук круг надпись снизу;974421070;1506372679;OZN1506372679;Термонаклейка для одежды: Человек Паук круг надпись снизу;'47.5;Amazing pics;Продается;9;'5.00;Показывается;;27.03.2024 15:15;Материал для рукоделия;Термонаклейка;'0.04;'0.1;19;0;0;0;0;298.00;428.00;;0%
'Термонаклейка Мэрилин Монро буквы;991485642;1522021181;OZN1522021181;Термонаклейка для одежды: Мэрилин Монро буквы;'47.5;Amazing pics;Продается;12;'5.00;Показывается;;02.04.2024 8:36;Материал для рукоделия;Термонаклейка;'0.07;'0.1;10;0;0;0;0;298.00;524.00;;0%
'Термонаклейка Мэрилин Монро Медуза Горгона;991559955;1522019560;OZN1522019560;Термонаклейка для одежды: Мэрилин Монро Медуза Горгона;'47.5;Amazing pics;Продается;44;'5.00;Показывается;;02.04.2024 8:50;Материал для рукоделия;Термонаклейка;'0.07;'0.1;54;0;0;0;0;298.00;524.00;;0%
'Термонаклейка Тукан цветы;991560016;1522019577;OZN1522019577;Термонаклейка для одежды: Тукан цветы;'47.5;Amazing pics;Продается;10;'5.00;Показывается;;02.04.2024 8:50;Материал для рукоделия;Термонаклейка;'0.07;'0.1;20;0;0;0;0;298.00;524.00;;0%
'Термонаклейка Череп цветы Подсолнух Ван Гог;991560072;1522021741;OZN1522021741;Термонаклейка для одежды: Череп цветы Подсолнух Ван Гог;'47.5;Amazing pics;Продается;10;'5.00;Показывается;;02.04.2024 8:50;Материал для рукоделия;Термонаклейка;'0.07;'0.1;21;0;0;0;0;298.00;524.00;;0%
'Термонаклейка Цветы Розовые Лилии;991560075;1522019667;OZN1522019667;Термонаклейка для одежды: Цветы Розовые Лилии;'47.5;Amazing pics;Продается;37;'5.00;Показывается;;02.04.2024 8:50;Материал для рукоделия;Термонаклейка;'0.07;'0.1;36;0;0;0;0;298.00;524.00;;0%
'Термонаклейка Сердце Большая волна в Канагаве;991560101;1522019647;OZN1522019647;Термонаклейка для одежды: Сердце Большая волна в Канагаве;'47.5;Amazing pics;Продается;37;'5.00;Показывается;;02.04.2024 8:50;Материал для рукоделия;Термонаклейка;'0.07;'0.1;58;0;0;0;0;298.00;524.00;;0%
'Термонаклейка Инь Янь Кошки;991560123;1522022092;OZN1522022092;Термонаклейка для одежды: Инь Янь Кошки;'47.5;Amazing pics;Продается;28;'5.00;Показывается;;02.04.2024 8:50;Материал для рукоделия;Термонаклейка;'0.07;'0.1;36;0;0;0;0;298.00;524.00;;0%
'Термонаклейка Давид статуя цветы;991560126;1522019312;OZN1522019312;Термонаклейка для одежды: Давид статуя цветы;'47.5;Amazing pics;Продается;21;'5.00;Показывается;;02.04.2024 8:50;Материал для рукоделия;Термонаклейка;'0.07;'0.1;31;0;0;0;0;298.00;524.00;;0%
'Термонаклейка Медуза Горгона черно-белый;991560127;1522019474;OZN1522019474;Термонаклейка для одежды: Медуза Горгона черно-белый;'47.5;Amazing pics;Продается;30;'5.00;Показывается;;02.04.2024 8:50;Материал для рукоделия;Термонаклейка;'0.07;'0.1;37;0;0;0;0;298.00;524.00;;0%
'Термонаклейка Девушка месяц Ван Гог;991560133;1522020629;OZN1522020629;Термонаклейка для одежды: Девушка месяц Ван Гог;'47.5;Amazing pics;Продается;0;'5.00;Показывается;;02.04.2024 8:50;Материал для рукоделия;Термонаклейка;'0.07;'0.1;12;0;0;0;0;298.00;524.00;;0%
'Термонаклейка Микки Маус бабочки цверы силует;991560134;1522020596;OZN1522020596;Термонаклейка для одежды: Микки Маус бабочки цветы силуэт;'47.5;Amazing pics;Продается;38;'5.00;Показывается;;02.04.2024 8:50;Материал для рукоделия;Термонаклейка;'0.07;'0.1;26;0;0;0;0;298.00;524.00;;0%
'Термонаклейка Сердце разынй окрас;991560142;1522019498;OZN1522019498;Термонаклейка для одежды: Сердце разынй окрас;'47.5;Amazing pics;Продается;68;'5.00;Показывается;;02.04.2024 8:50;Материал для рукоделия;Термонаклейка;'0.07;'0.1;57;0;0;0;0;298.00;524.00;;0%
'Термонаклейка Кит прягает из воды закат;991560149;1522019450;OZN1522019450;Термонаклейка для одежды: Кит прягает из воды закат;'47.5;Amazing pics;Продается;16;'5.00;Показывается;;02.04.2024 8:50;Материал для рукоделия;Термонаклейка;'0.07;'0.1;24;0;0;0;0;298.00;524.00;;0%
'Термонаклейка Кит моряк волны лодка;991560160;1522019276;OZN1522019276;Термонаклейка для одежды: Кит моряк волны лодка;'47.5;Amazing pics;Продается;25;'5.00;Показывается;;02.04.2024 8:50;Материал для рукоделия;Термонаклейка;'0.07;'0.1;21;0;0;0;0;298.00;524.00;;0%
'Термонаклейка Пантера рычит звезды розовый фон;991560171;1522019477;OZN1522019477;Термонаклейка для одежды: Пантера рычит звезды розовый фон;'47.5;Amazing pics;Продается;10;'5.00;Показывается;;02.04.2024 8:50;Материал для рукоделия;Термонаклейка;'0.28;'0.1;34;0;0;0;0;298.00;524.00;;0%
'Термонаклейка Девушка силует туман лес птицы;991560178;1522019374;OZN1522019374;Термонаклейка для одежды: Девушка силует туман лес птицы;'47.5;Amazing pics;Продается;112;'5.00;Показывается;;02.04.2024 8:50;Материал для рукоделия;Термонаклейка;'0.07;'0.1;74;0;0;0;0;298.00;524.00;;0%
'Термонаклейка Цветы Желтый Мак;991560185;1522020719;OZN1522020719;Термонаклейка для одежды: Цветы Желтый Мак;'47.5;Amazing pics;Продается;83;'5.00;Показывается;;02.04.2024 8:50;Материал для рукоделия;Термонаклейка;'0.06;'0.1;39;0;0;0;0;298.00;524.00;;0%
'Термонаклейка Мэрилин Монро фото буквы;991560193;1522021003;OZN1522021003;Термонаклейка для одежды: Мэрилин Монро фото буквы;'47.5;Amazing pics;Продается;20;'5.00;Показывается;;02.04.2024 8:50;Материал для рукоделия;Термонаклейка;'0.07;'0.1;17;0;0;0;0;298.00;524.00;;0%
'Термонаклейка Кит хвост из волн море океан;991560214;1522019733;OZN1522019733;Термонаклейка для одежды: Кит хвост из волн море океан;'47.5;Amazing pics;Продается;4;'5.00;Показывается;;02.04.2024 8:50;Материал для рукоделия;Термонаклейка;'0.64;'0.1;8;0;0;0;0;298.00;524.00;;0%
'Термонаклейка Цветы Розовые Ирис;991560223;1522019774;OZN1522019774;Термонаклейка для одежды: Цветы Розовые Ирис;'47.5;Amazing pics;Продается;32;'5.00;Показывается;;02.04.2024 8:50;Материал для рукоделия;Термонаклейка;'0.07;'0.1;62;0;0;0;0;298.00;524.00;;0%
'Термонаклейка Мэрилин Монро геометрия;991560229;1522020277;OZN1522020277;Термонаклейка для одежды: Мэрилин Монро геометрия;'47.5;Amazing pics;Продается;16;'5.00;Показывается;;02.04.2024 8:50;Материал для рукоделия;Термонаклейка;'0.07;'0.1;41;0;0;0;0;298.00;524.00;;0%
'Термонаклейка Лес Гитара Закат;991560234;1522021193;OZN1522021193;Термонаклейка для одежды: Лес Гитара Закат;'47.5;Amazing pics;Продается;21;'5.00;Показывается;;02.04.2024 8:50;Материал для рукоделия;Термонаклейка;'0.07;'0.1;19;0;0;0;0;298.00;524.00;;0%
'Термонаклейка Солнце Луна Звезды Астрология;991560236;1522020909;OZN1522020909;Термонаклейка для одежды: Солнце Луна Звезды Астрология;'47.5;Amazing pics;Продается;15;'5.00;Показывается;;02.04.2024 8:50;Материал для рукоделия;Термонаклейка;'0.07;'0.1;31;0;0;0;0;298.00;524.00;;0%
'Термонаклейка Синяя бабочка буквы;991560244;1522019550;OZN1522019550;Термонаклейка для одежды: Синяя бабочка буквы;'47.5;Amazing pics;Продается;3;'5.00;Показывается;;02.04.2024 8:50;Материал для рукоделия;Термонаклейка;'0.07;'0.1;14;0;0;0;0;298.00;524.00;;0%
'Термонаклейка Цветы Пионы надпись;991560246;1522019568;OZN1522019568;Термонаклейка для одежды: Цветы Пионы надпись;'47.5;Amazing pics;Продается;650;'5.00;Показывается;;02.04.2024 8:50;Материал для рукоделия;Термонаклейка;'0.07;'0.1;181;2;0;0;0;298.00;524.00;;0%
'Термонаклейка Крылья красочные маслом;991560247;1522019564;OZN1522019564;Термонаклейка для одежды: Крылья красочные маслом;'47.5;Amazing pics;Продается;36;'5.00;Показывается;;02.04.2024 8:50;Материал для рукоделия;Термонаклейка;'0.07;'0.1;40;0;0;0;0;298.00;524.00;;0%
'Термонаклейка Котенок розовый закат звезды;991560250;1522019743;OZN1522019743;Термонаклейка для одежды: Котенок розовый закат звезды;'47.5;Amazing pics;Продается;22;'5.00;Показывается;;02.04.2024 8:50;Материал для рукоделия;Термонаклейка;'0.07;'0.1;20;0;0;0;0;298.00;524.00;;0%
'Термонаклейка Подсолнух Ван Гог;991560252;1522019636;OZN1522019636;Термонаклейка для одежды: Подсолнух Ван Гог;'47.5;Amazing pics;Продается;27;'5.00;Показывается;;02.04.2024 8:50;Материал для рукоделия;Термонаклейка;'0.07;'0.1;19;0;0;0;0;298.00;524.00;;0%
'Термонаклейка Бабочка you are free to fly;991560265;1522019666;OZN1522019666;Термонаклейка для одежды: Бабочка you are free to fly;'47.5;Amazing pics;Продается;17;'5.00;Показывается;;02.04.2024 8:50;Материал для рукоделия;Термонаклейка;'0.07;'0.1;29;0;0;0;0;298.00;524.00;;0%
'Термонаклейка Одри Хепбёрн буквы;991560268;1522019730;OZN1522019730;Термонаклейка для одежды: Одри Хепбёрн буквы;'47.5;Amazing pics;Продается;11;'5.00;Показывается;;02.04.2024 8:50;Материал для рукоделия;Термонаклейка;'0.07;'0.1;14;0;0;0;0;298.00;524.00;;0%
'Термонаклейка Девушка лицо крылья;991560281;1522019906;OZN1522019906;Термонаклейка для одежды: Девушка лицо крылья;'47.5;Amazing pics;Продается;12;'5.00;Показывается;;02.04.2024 8:50;Материал для рукоделия;Термонаклейка;'0.07;'0.1;24;0;0;0;0;298.00;524.00;;0%
'Термонаклейка Цветы Месяц Лотос;991560299;1522020325;OZN1522020325;Термонаклейка для одежды: Цветы Месяц Лотос;'47.5;Amazing pics;Продается;18;'5.00;Показывается;;02.04.2024 8:50;Материал для рукоделия;Термонаклейка;'0.07;'0.1;21;0;0;0;0;298.00;524.00;;0%
'Термонаклейка Девушка бабочка Ван Гог;991560309;1522019613;OZN1522019613;Термонаклейка для одежды: Девушка бабочка Ван Гог;'47.5;Amazing pics;Продается;10;'5.00;Показывается;;02.04.2024 8:50;Материал для рукоделия;Термонаклейка;'0.07;'0.1;17;0;0;0;0;298.00;524.00;;0%
'Термонаклейка Черный Кот Звезды Астрология;991560316;1522019292;OZN1522019292;Термонаклейка для одежды: Черный Кот Звезды Астрология;'47.5;Amazing pics;Продается;4;'5.00;Показывается;;02.04.2024 8:50;Материал для рукоделия;Термонаклейка;'0.07;'0.1;18;0;0;0;0;298.00;524.00;;0%
'Термонаклейка Мопс Собачка попа секси;991560322;1522020897;OZN1522020897;Термонаклейка для одежды: Мопс Собачка попа секси;'47.5;Amazing pics;Продается;10;'5.00;Показывается;;02.04.2024 8:50;Материал для рукоделия;Термонаклейка;'0.07;'0.1;12;0;0;0;0;298.00;524.00;;0%
'Термонаклейка Сердце леопардовое;991560357;1522020059;OZN1522020059;Термонаклейка для одежды: Сердце леопардовое;'47.5;Amazing pics;Продается;23;'5.00;Показывается;;02.04.2024 8:50;Материал для рукоделия;Термонаклейка;'0.07;'0.1;29;0;0;0;0;298.00;524.00;;0%
'Термонаклейка Розовый фламинго цветы;991560393;1522020599;OZN1522020599;Термонаклейка для одежды: Розовый фламинго цветы;'47.5;Amazing pics;Продается;12;'5.00;Показывается;;02.04.2024 8:50;Материал для рукоделия;Термонаклейка;'0.07;'0.1;23;0;0;0;0;298.00;524.00;;0%
'Термонаклейка Сердце Love is Wild;991560395;1522019725;OZN1522019725;Термонаклейка для одежды: Сердце Love is Wild;'47.5;Amazing pics;Продается;39;'5.00;Показывается;;02.04.2024 8:50;Материал для рукоделия;Термонаклейка;'2.08;'0.4;30;0;0;0;0;298.00;524.00;;0%
'Термонаклейка Секс в большом городе подруги;991560476;1522067175;OZN1522067175;Термонаклейка для одежды: Секс в большом городе подруги;'47.5;Amazing pics;Продается;20;'5.00;Показывается;;02.04.2024 8:50;Материал для рукоделия;Термонаклейка;'0.29;'0.1;22;0;0;0;0;298.00;524.00;;0%
'Термонаклейка Большая волна в Канагаве Солнце;1004492686;1532938950;OZN1532938950;Термонаклейка для одежды: Большая волна в Канагаве Солнце;'47.5;Amazing pics;Продается;29;'5.00;Показывается;;07.04.2024 8:18;Материал для рукоделия;Термонаклейка;'0.07;'0.1;35;0;0;0;0;298.00;524.00;;0%
'Термонаклейка Цветы Синии Амариллис;1004492722;1532937945;OZN1532937945;Термонаклейка для одежды: Цветы Синии Амариллис;'47.5;Amazing pics;Продается;138;'5.00;Показывается;;07.04.2024 8:18;Материал для рукоделия;Термонаклейка;'0.07;'0.1;116;0;0;0;0;298.00;524.00;;0%
'Термонаклейка Мишка велосипед;1004492723;1532936652;OZN1532936652;Термонаклейка для одежды: Мишка велосипед;'47.5;Amazing pics;Продается;2;'5.00;Показывается;;07.04.2024 8:18;Материал для рукоделия;Термонаклейка;'0.04;'0.1;30;0;0;0;0;298.00;524.00;;0%
'Термонаклейка Сердце Бабочки летят;1004492725;1532938508;OZN1532938508;Термонаклейка для одежды: Сердце Бабочки летят;'47.5;Amazing pics;Продается;38;'5.00;Показывается;;07.04.2024 8:18;Материал для рукоделия;Термонаклейка;'0.07;'0.1;47;0;0;0;0;298.00;524.00;;0%
'Термонаклейка Дисней злодеи Друзья Friends;1004492742;1532940236;OZN1532940236;Термонаклейка для одежды: Дисней злодеи Друзья Friends;'47.5;Amazing pics;Готов к продаже;3;'5.00;Показывается;;07.04.2024 8:18;Материал для рукоделия;Термонаклейка;'0.29;'0.1;0;0;0;0;0;319.00;524.00;;0%
'Термонаклейка Леопард пятна сердечки полностью;1004492768;1532938265;OZN1532938265;Термонаклейка для одежды: Леопард пятна сердечки полностью;'47.5;Amazing pics;Продается;3;'5.00;Показывается;;07.04.2024 8:18;Материал для рукоделия;Термонаклейка;'0.07;'0.1;13;0;0;0;0;298.00;524.00;;0%
'Термонаклейка Минни Маус поправляет бант;1004492782;1532938234;OZN1532938234;Термонаклейка для одежды: Минни Маус поправляет бант;'47.5;Amazing pics;Продается;28;'5.00;Показывается;;07.04.2024 8:18;Материал для рукоделия;Термонаклейка;'0.04;'0.1;27;0;0;0;0;298.00;524.00;;0%
'Термонаклейка Дисней утка Дейзи улыбка;1004492805;1532937049;OZN1532937049;Термонаклейка для одежды: Дисней утка Дейзи улыбка;'47.5;Amazing pics;Продается;12;'5.00;Показывается;;07.04.2024 8:18;Материал для рукоделия;Термонаклейка;'0.04;'0.1;42;0;0;0;0;298.00;524.00;;0%
'Термонаклейка Дисней утка Дейзи и Минни пис;1004492810;1532937844;OZN1532937844;Термонаклейка для одежды: Дисней утка Дейзи и Минни пис;'47.5;Amazing pics;Продается;19;'5.00;Показывается;;07.04.2024 8:18;Материал для рукоделия;Термонаклейка;'0.04;'0.1;31;0;0;0;0;298.00;524.00;;0%
'Термонаклейка Дисней утка Дейзи и Минни мороженое;1004492812;1532936774;OZN1532936774;Термонаклейка для одежды: Дисней утка Дейзи и Минни мороженое;'47.5;Amazing pics;Готов к продаже;1;'5.00;Показывается;;07.04.2024 8:18;Материал для рукоделия;Термонаклейка;'0.04;'0.1;0;0;0;0;0;285.00;524.00;;0%
'Термонаклейка Мишка стоит с скейтом;1004492820;1532936693;OZN1532936693;Термонаклейка для одежды: Мишка стоит с скейтом;'47.5;Amazing pics;Продается;2;'5.00;Показывается;;07.04.2024 8:18;Материал для рукоделия;Термонаклейка;'0.04;'0.1;19;0;0;0;0;298.00;524.00;;0%
'Термонаклейка Мишка маска плавание лето селфи;1004492824;1533013698;OZN1533013698;Термонаклейка для одежды: Мишка маска плавание лето селфи;'47.5;Amazing pics;Продается;6;'5.00;Показывается;;07.04.2024 8:18;Материал для рукоделия;Термонаклейка;'0.04;'0.1;29;0;0;0;0;298.00;524.00;;0%
'Термонаклейка Мишка репер читает с микрофоном;1004492828;1532937063;OZN1532937063;Термонаклейка для одежды: Мишка репер читает с микрофоном;'47.5;Amazing pics;Готов к продаже;1;'5.00;Показывается;;07.04.2024 8:18;Материал для рукоделия;Термонаклейка;'0.04;'0.1;0;0;0;0;0;285.00;524.00;;0%
'Термонаклейка Мишка Терминатор;1004492832;1532937026;OZN1532937026;Термонаклейка для одежды: Мишка Терминатор;'47.5;Amazing pics;Готов к продаже;0;'5.00;Показывается;;07.04.2024 8:18;Материал для рукоделия;Термонаклейка;'0.04;'0.1;0;0;0;0;0;285.00;524.00;;0%
'Термонаклейка Перья Украшение Ожерелье;1004492834;1532940241;OZN1532940241;Термонаклейка для одежды: Перья Украшение Ожерелье;'47.5;Amazing pics;Продается;225;'5.00;Показывается;;07.04.2024 8:18;Материал для рукоделия;Термонаклейка;'0.07;'0.1;119;0;0;0;0;298.00;524.00;;0%
'Термонаклейка Мишка гидроцикл волна лето;1004492836;1532960466;OZN1532960466;Термонаклейка для одежды: Мишка гидроцикл волна лето;'47.5;Amazing pics;Продается;1;'5.00;Показывается;;07.04.2024 8:18;Материал для рукоделия;Термонаклейка;'0.04;'0.1;13;0;0;0;0;298.00;524.00;;0%
'Термонаклейка Мишка Серфинг Волна Лето;1004492840;1532937395;OZN1532937395;Термонаклейка для одежды: Мишка Серфинг Волна Лето;'47.5;Amazing pics;Продается;4;'5.00;Показывается;;07.04.2024 8:18;Материал для рукоделия;Термонаклейка;'0.04;'0.1;20;0;0;0;0;298.00;524.00;;0%
'Термонаклейка Мишка красная гоночная машина;1004492847;1532936207;OZN1532936207;Термонаклейка для одежды: Мишка красная гоночная машина;'47.5;Amazing pics;Продается;16;'5.00;Показывается;;07.04.2024 8:18;Материал для рукоделия;Термонаклейка;'0.04;'0.1;20;0;0;0;0;298.00;524.00;;0%
'Термонаклейка Перья Яркие Wild Spirit;1004492848;1532938186;OZN1532938186;Термонаклейка для одежды: Перья Яркие Wild Spirit;'47.5;Amazing pics;Продается;66;'5.00;Показывается;;07.04.2024 8:18;Материал для рукоделия;Термонаклейка;'0.07;'0.1;78;0;0;0;0;298.00;524.00;;0%
'Термонаклейка Минни Маус и бабочка;1004492851;1532938464;OZN1532938464;Термонаклейка для одежды: Минни Маус и бабочка;'47.5;Amazing pics;Продается;13;'5.00;Показывается;;07.04.2024 8:18;Материал для рукоделия;Термонаклейка;'0.04;'0.1;22;0;0;0;0;298.00;524.00;;0%
'Термонаклейка Штрихкод I Love You;1004492852;1532939087;OZN1532939087;Термонаклейка для одежды: Штрихкод I Love You;'47.5;Amazing pics;Продается;24;'5.00;Показывается;;07.04.2024 8:18;Материал для рукоделия;Термонаклейка;'0.07;'0.1;29;0;0;0;0;298.00;524.00;;0%
'Термонаклейки Nike Найк набор;1004492859;1532938438;OZN1532938438;Термонаклейка для одежды:Термонаклейки Nike Найк набор;'47.5;Amazing pics;Продается;154;'5.00;Показывается;;07.04.2024 8:18;Материал для рукоделия;Термонаклейка;'0.07;'0.1;59;0;0;0;0;298.00;524.00;;0%
'Термонаклейка Змеи черная белая 2шт;1004492865;1532940015;OZN1532940015;Термонаклейка для одежды: Змеи черная белая 2шт;'47.5;Amazing pics;Продается;34;'5.00;Показывается;;07.04.2024 8:18;Материал для рукоделия;Термонаклейка;'0.07;'0.1;31;0;0;0;0;298.00;524.00;;0%
'Термонаклейка Кассета цветы Vintage Soul;1004492866;1532939316;OZN1532939316;Термонаклейка для одежды: Кассета цветы Vintage Soul;'47.5;Amazing pics;Продается;14;'5.00;Показывается;;07.04.2024 8:18;Материал для рукоделия;Термонаклейка;'0.06;'0.1;32;0;0;0;0;298.00;524.00;;0%
'Термонаклейка Инь Янь Леопарды;1004492872;1532938476;OZN1532938476;Термонаклейка для одежды: Инь Янь Леопарды;'47.5;Amazing pics;Продается;19;'5.00;Показывается;;07.04.2024 8:18;Материал для рукоделия;Термонаклейка;'0.07;'0.1;31;0;0;0;0;298.00;524.00;;0%
'Термонаклейка Мишка сидит в очках Alone;1004492873;1532938049;OZN1532938049;Термонаклейка для одежды: Мишка сидит в очках Alone;'22.5;Amazing pics;Продается;0;'5.00;Показывается;;07.04.2024 8:18;Материал для рукоделия;Термонаклейка;'0.04;'0.1;25;0;0;0;0;298.00;524.00;;0%
'Термонаклейка Матрешка цветы;1004492878;1532938204;OZN1532938204;Термонаклейка для одежды: Матрешка цветы;'47.5;Amazing pics;Продается;44;'5.00;Показывается;;07.04.2024 8:18;Материал для рукоделия;Термонаклейка;'0.07;'0.1;35;0;0;0;0;298.00;524.00;;0%
'Термонаклейка Минни Маус целует Микки;1004492881;1532937525;OZN1532937525;Термонаклейка для одежды: Минни Маус целует Микки;'47.5;Amazing pics;Продается;8;'5.00;Показывается;;07.04.2024 8:18;Материал для рукоделия;Термонаклейка;'0.04;'0.1;22;0;0;0;0;298.00;524.00;;0%
'Термонаклейка Фламинго Flamingo цветы;1004492888;1532938598;OZN1532938598;Термонаклейка для одежды: Фламинго Flamingo цветы;'47.5;Amazing pics;Продается;24;'5.00;Показывается;;07.04.2024 8:18;Материал для рукоделия;Термонаклейка;'0.07;'0.1;13;0;0;0;0;298.00;524.00;;0%
'Термонаклейка Мишка байкер мотоцикл;1004492926;1532936617;OZN1532936617;Термонаклейка для одежды: Мишка байкер мотоцикл;'47.5;Amazing pics;Готов к продаже;0;'5.00;Показывается;;07.04.2024 8:18;Материал для рукоделия;Термонаклейка;'0.04;'0.1;0;0;0;0;0;285.00;524.00;;0%
'Термонаклейка Леопард пятна сердечки голова;1004492927;1532939681;OZN1532939681;Термонаклейка для одежды: Леопард пятна сердечки голова;'47.5;Amazing pics;Продается;49;'5.00;Показывается;;07.04.2024 8:18;Материал для рукоделия;Термонаклейка;'0.07;'0.1;33;0;0;0;0;298.00;524.00;;0%
'Термонаклейка Мишка на Самокате;1004492951;1532936541;OZN1532936541;Термонаклейка для одежды: Мишка на Самокате;'47.5;Amazing pics;Продается;3;'5.00;Показывается;;07.04.2024 8:18;Материал для рукоделия;Термонаклейка;'0.04;'0.1;8;0;0;0;0;298.00;524.00;;0%
'Термонаклейка Мишка Серфинг с парусом волна;1004492960;1532936901;OZN1532936901;Термонаклейка для одежды: Мишка Серфинг с парусом волна;'47.5;Amazing pics;Готов к продаже;1;'5.00;Показывается;;07.04.2024 8:18;Материал для рукоделия;Термонаклейка;'0.04;'0.1;0;0;0;0;0;285.00;524.00;;0%
'Термонаклейка Рука Фатимы;1004492961;1532938459;OZN1532938459;Термонаклейка для одежды: Рука Фатимы;'47.5;Amazing pics;Продается;46;'5.00;Показывается;;07.04.2024 8:18;Материал для рукоделия;Термонаклейка;'0.07;'0.1;60;0;0;0;0;298.00;524.00;;0%
'Термонаклейка Мишка скейт Lets move;1004493024;1532936711;OZN1532936711;Термонаклейка для одежды: Мишка скейт Lets move;'47.5;Amazing pics;Продается;5;'5.00;Показывается;;07.04.2024 8:18;Материал для рукоделия;Термонаклейка;'0.04;'0.1;13;0;0;0;0;298.00;524.00;;0%
'Термонаклейка Мишка Каратэ нога вверх;1004493044;1532937018;OZN1532937018;Термонаклейка для одежды: Мишка Каратэ нога вверх;'47.5;Amazing pics;Продается;18;'5.00;Показывается;;07.04.2024 8:18;Материал для рукоделия;Термонаклейка;'0.04;'0.1;46;0;0;0;0;298.00;524.00;;0%
'Термонаклейка Дисней утка Дейзи Сердечко;1004493049;1532937318;OZN1532937318;Термонаклейка для одежды: Дисней утка Дейзи Сердечко;'47.5;Amazing pics;Продается;5;'5.00;Показывается;;07.04.2024 8:18;Материал для рукоделия;Термонаклейка;'0.04;'0.1;21;0;0;0;0;298.00;524.00;;0%
'Термонаклейка Дисней утка Дейзи и Минни сидят;1004529894;1532967644;OZN1532967644;Термонаклейка для одежды: Дисней утка Дейзи и Минни сидят;'47.5;Amazing pics;Готов к продаже;1;'5.00;Показывается;;07.04.2024 8:30;Материал для рукоделия;Термонаклейка;'0.04;'0.1;0;0;0;0;0;285.00;524.00;;0%
'Термонаклейка Мишка на лыжах;1004530074;1532967942;OZN1532967942;Термонаклейка для одежды: Мишка на лыжах;'47.5;Amazing pics;Продается;1;'5.00;Показывается;;07.04.2024 8:30;Материал для рукоделия;Термонаклейка;'0.04;'0.1;4;0;0;0;0;298.00;524.00;;0%
'Термонаклейка Мишка скейт бежит;1004530076;1532966987;OZN1532966987;Термонаклейка для одежды: Мишка скейт бежит;'47.5;Amazing pics;Продается;1;'5.00;Показывается;;07.04.2024 8:30;Материал для рукоделия;Термонаклейка;'0.04;'0.1;16;0;0;0;0;298.00;524.00;;0%
'Термонаклейка Дейзи и Минни Маус коктейль;1004540662;1532979233;OZN1532979233;Термонаклейка для одежды: Дейзи и Минни Маус коктейль мороженое;'40;Amazing pics;Продается;5;'5.00;Показывается;;07.04.2024 8:33;Материал для рукоделия;Термонаклейка;'0.04;'0.1;22;0;0;0;0;298.00;524.00;;0%
'Футболка Соник Ежик Sonic р104;1039378895;1563028467;OZN1563028467;Футболка Соник Ежик Sonic;'70;Punky Monkey;Не продается;0;'0.00;Показывается;;30.04.2024 13:48;Одежда;Футболка;'0.06;'0.1;0;0;0;0;0;649.00;999.00;;0%
'Футболка Соник Ежик Sonic р122;1039378898;1563028417;OZN1563028417;Футболка Соник Ежик Sonic;'70;Punky Monkey;Не продается;0;'0.00;Показывается;;30.04.2024 13:48;Одежда;Футболка;'0.06;'0.1;0;0;0;0;0;649.00;999.00;;0%
'Футболка Соник Ежик Sonic р128;1039378906;1563028441;OZN1563028441;Футболка Соник Ежик Sonic;'70;Punky Monkey;Не продается;0;'0.00;Показывается;;30.04.2024 13:48;Одежда;Футболка;'0.06;'0.1;0;0;0;0;0;649.00;999.00;;0%
'Футболка Соник Ежик Sonic р98;1039378911;1563028427;OZN1563028427;Футболка Соник Ежик Sonic;'70;Punky Monkey;Не продается;0;'0.00;Показывается;;30.04.2024 13:48;Одежда;Футболка;'0.06;'0.1;0;0;0;0;0;649.00;999.00;;0%
'Футболка Соник Ежик Sonic р110;1039378915;1563028439;OZN1563028439;Футболка Соник Ежик Sonic;'70;Punky Monkey;Не продается;0;'0.00;Показывается;;30.04.2024 13:48;Одежда;Футболка;'0.06;'0.1;0;0;0;0;0;649.00;999.00;;0%
'Футболка Соник Ежик Sonic р134;1039378917;1563028446;OZN1563028446;Футболка Соник Ежик Sonic;'70;Punky Monkey;Не продается;0;'0.00;Показывается;;30.04.2024 13:48;Одежда;Футболка;'0.06;'0.1;0;0;0;0;0;649.00;999.00;;0%
'Футболка Соник Ежик Sonic р116;1039378920;1563028429;OZN1563028429;Футболка Соник Ежик Sonic;'70;Punky Monkey;Не продается;0;'0.00;Показывается;;30.04.2024 13:48;Одежда;Футболка;'0.06;'0.1;0;0;0;0;0;649.00;999.00;;0%
'Термонаклейка Звезды Белые термозаплатка;1039680904;1563382131;OZN1563382131;Термонаклейка для одежды: Звезды Белые термозаплатка;'47.5;Amazing pics;Продается;9;'5.00;Показывается;;01.05.2024 6:22;Материал для рукоделия;Термонаклейка;'0.04;'0.1;12;0;0;0;0;298.00;524.00;;0%
'Термонаклейка Звезды Черные термозаплатка;1039680908;1563383242;OZN1563383242;Термонаклейка для одежды: Звезды Черные термозаплатка;'47.5;Amazing pics;Продается;7;'5.00;Показывается;;01.05.2024 6:23;Материал для рукоделия;Термонаклейка;'0.04;'0.1;9;0;0;0;0;298.00;524.00;;0%
'Термонаклейка Сердечки термозаплатка;1039680915;1563383107;OZN1563383107;Термонаклейка для одежды: Сердечки термозаплатка;'47.5;Amazing pics;Продается;1;'5.00;Показывается;;01.05.2024 6:23;Материал для рукоделия;Термонаклейка;'0.04;'0.1;27;0;0;0;0;298.00;524.00;;0%
'Термонаклейка Формы термозаплатка;1039680919;1563383294;OZN1563383294;Термонаклейка для одежды: Формы термозаплатка;'47.5;Amazing pics;Продается;6;'5.00;Показывается;;01.05.2024 6:23;Материал для рукоделия;Термонаклейка;'0.04;'0.1;22;0;0;0;0;298.00;524.00;;0%
'Термонаклейка Цветы Магнолия белые Botanical;1107546027;1625046334;OZN1625046334;Термонаклейка для одежды: Цветы Магнолия белые Botanical;'47.5;Amazing pics;Продается;53;'5.00;Показывается;;10.07.2024 7:01;Материал для рукоделия;Термонаклейка;'0.06;'0.1;79;0;0;0;0;298.00;524.00;;0%
'Термонаклейка Фламинго крупный план;1107546038;1625046271;OZN1625046271;Термонаклейка для одежды: Фламинго крупный план;'47.5;Amazing pics;Продается;3;'5.00;Показывается;;10.07.2024 7:01;Материал для рукоделия;Термонаклейка;'0.07;'0.1;16;0;0;0;0;298.00;524.00;;0%
'Термонаклейка Цветы Мак фиолетовый;1107546044;1625046227;OZN1625046227;Термонаклейка для одежды: Цветы Мак фиолетовый;'47.5;Amazing pics;Продается;302;'5.00;Показывается;;10.07.2024 7:01;Материал для рукоделия;Термонаклейка;'0.06;'0.1;44;1;0;0;0;298.00;524.00;;0%
'Термонаклейка Цветы Магнолия 3шт розовые;1107546066;1625046247;OZN1625046247;Термонаклейка для одежды: Цветы Магнолия 3шт розовые;'47.5;Amazing pics;Продается;85;'5.00;Показывается;;10.07.2024 7:01;Материал для рукоделия;Термонаклейка;'0.06;'0.1;78;0;0;0;0;298.00;524.00;;0%
'Термонаклейка Аист оранжевый круг;1107546098;1625046385;OZN1625046385;Термонаклейка для одежды: Аист оранжевый круг;'47.5;Amazing pics;Продается;126;'5.00;Показывается;;10.07.2024 7:01;Материал для рукоделия;Термонаклейка;'0.06;'0.1;83;1;0;0;0;298.00;524.00;;0%
'Термонаклейка Цветы Колибри 2шт;1107546122;1625046276;OZN1625046276;Термонаклейка для одежды: Цветы Колибри 2шт;'47.5;Amazing pics;Продается;28;'5.00;Показывается;;10.07.2024 7:01;Материал для рукоделия;Термонаклейка;'0.06;'0.1;52;0;0;0;0;298.00;524.00;;0%
'Термонаклейка Цветы Ирисы акварелью Синий;1107546130;1625046309;OZN1625046309;Термонаклейка для одежды: Цветы Ирисы акварелью Синий;'47.5;Amazing pics;Продается;78;'5.00;Показывается;;10.07.2024 7:01;Материал для рукоделия;Термонаклейка;'0.07;'0.1;57;0;0;0;0;298.00;524.00;;0%
'Термонаклейка Цветы Тюльпаны 5шт белые;1107983436;1625431183;OZN1625431183;Термонаклейка для одежды: Цветы Тюльпаны 5шт белые;'47.5;Amazing pics;Продается;314;'5.00;Показывается;;10.07.2024 12:14;Материал для рукоделия;Термонаклейка;'0.32;'0.1;158;1;0;0;0;298.00;524.00;;0%
'Термонаклейка Цветы Пионы розовый Peonies;1107983437;1625431121;OZN1625431121;Термонаклейка для одежды: Цветы Пионы розовый Peonies;'47.5;Amazing pics;Продается;102;'5.00;Показывается;;10.07.2024 12:14;Материал для рукоделия;Термонаклейка;'0.58;'0.1;133;0;0;0;0;298.00;524.00;;0%
'Термонаклейка Цветы Тюльпаны 3шт розовые;1107983453;1625431048;OZN1625431048;Термонаклейка для одежды: Цветы Тюльпаны 3шт розовые;'47.5;Amazing pics;Продается;21;'5.00;Показывается;;10.07.2024 12:14;Материал для рукоделия;Термонаклейка;'0.06;'0.1;29;0;0;0;0;298.00;524.00;;0%
'Термонаклейка Цветы Пионы красные Pionies;1109568803;1626838878;OZN1626838878;Термонаклейка для одежды: Цветы Пионы красные Pionies;'47.5;Amazing pics;Продается;67;'5.00;Показывается;;12.07.2024 5:34;Материал для рукоделия;Термонаклейка;'0.06;'0.1;48;0;0;0;0;298.00;524.00;;0%
'Термонаклейка Девушка с колибри роза кольцо;1109568804;1626838871;OZN1626838871;Термонаклейка для одежды: Девушка с колибри роза кольцо;'47.5;Amazing pics;Продается;10;'5.00;Показывается;;12.07.2024 5:34;Материал для рукоделия;Термонаклейка;'0.06;'0.1;14;0;0;0;0;298.00;524.00;;0%
'Термонаклейка Цветы Магнолия фиолетовая Garden;1109568805;1626838489;OZN1626838489;Термонаклейка для одежды: Цветы Магнолия фиолетовая Garden;'47.5;Amazing pics;Продается;28;'5.00;Показывается;;12.07.2024 5:34;Материал для рукоделия;Термонаклейка;'0.06;'0.1;47;0;0;0;0;298.00;524.00;;0%
'Термонаклейка Матрешка с хлебом;1109568827;1626838716;OZN1626838716;Термонаклейка для одежды: Матрешка с хлебом;'47.5;Amazing pics;Продается;35;'5.00;Показывается;;12.07.2024 5:34;Материал для рукоделия;Термонаклейка;'0.06;'0.1;47;0;0;0;0;298.00;524.00;;0%
'Термонаклейка Девушка с фламинго;1109568836;1626838872;OZN1626838872;Термонаклейка для одежды: Девушка с фламинго;'47.5;Amazing pics;Продается;2;'5.00;Показывается;;12.07.2024 5:34;Материал для рукоделия;Термонаклейка;'0.06;'0.1;11;0;0;0;0;298.00;524.00;;0%
'Термонаклейка Цветы Розовые Spring Blossoms;1109568837;1626838767;OZN1626838767;Термонаклейка для одежды: Цветы Розовые Spring Blossoms;'47.5;Amazing pics;Продается;41;'5.00;Показывается;;12.07.2024 5:34;Материал для рукоделия;Термонаклейка;'0.07;'0.1;41;0;0;0;0;298.00;524.00;;0%
'Термонаклейка Попугаи 2шт зеленый и желтый;1109568868;1626838847;OZN1626838847;Термонаклейка для одежды: Попугаи 2шт зеленый и желтый;'47.5;Amazing pics;Продается;12;'5.00;Показывается;;12.07.2024 5:34;Материал для рукоделия;Термонаклейка;'0.06;'0.1;17;0;0;0;0;298.00;524.00;;0%
'Термонаклейка Матрешка Moscow;1109568882;1626838664;OZN1626838664;Термонаклейка для одежды: Матрешка Moscow;'47.5;Amazing pics;Продается;6;'5.00;Показывается;;12.07.2024 5:35;Материал для рукоделия;Термонаклейка;'0.06;'0.1;26;0;0;0;0;298.00;524.00;;0%
'Термонаклейка Пантера силует внутри цветы;1109568922;1626838959;OZN1626838959;Термонаклейка для одежды: Пантера силует внутри цветы;'47.5;Amazing pics;Продается;14;'5.00;Показывается;;12.07.2024 5:35;Материал для рукоделия;Термонаклейка;'0.06;'0.1;30;0;0;0;0;298.00;524.00;;0%
'Термонаклейка Чайка силует море внутри;1109568937;1626838955;OZN1626838955;Термонаклейка для одежды: Чайка силует море внутри;'47.5;Amazing pics;Продается;32;'5.00;Показывается;;12.07.2024 5:35;Материал для рукоделия;Термонаклейка;'0.06;'0.1;16;0;0;0;0;298.00;524.00;;0%
'Термонаклейка Бабочки 4шт небо внутри;1109568946;1626838712;OZN1626838712;Термонаклейка для одежды: Бабочки 4шт небо внутри;'47.5;Amazing pics;Продается;18;'5.00;Показывается;;12.07.2024 5:35;Материал для рукоделия;Термонаклейка;'0.06;'0.1;29;0;0;0;0;298.00;524.00;;0%
'Термонаклейка Кот Сфинкс Звезды Молния;1223867121;1725971725;OZN1725971725;Термонаклейка для одежды: Кот Сфинкс Звезды Молния;'47.5;Amazing pics;Продается;14;'5.00;Показывается;;15.10.2024 6:03;Материал для рукоделия;Термонаклейка;'0.07;'0.1;19;0;0;0;0;298.00;524.00;;0%
'Термонаклейка Бабочка синяя Blue butterfly;1237585597;1738041026;OZN1738041026;Термонаклейка для одежды: Бабочка синяя Blue butterfly;'47.5;Amazing pics;Продается;15;'5.00;Показывается;;23.10.2024 6:22;Материал для рукоделия;Термонаклейка;'0.06;'0.1;21;0;0;0;0;298.00;524.00;;0%
'Термонаклейка Девушка Аниме Япония Красное Солнце;1238299360;1738651525;OZN1738651525;Термонаклейка для одежды: Девушка Аниме Япония Красное Солнце;'47.5;Amazing pics;Продается;4;'5.00;Показывается;;23.10.2024 12:03;Материал для рукоделия;Термонаклейка;'0.06;'0.1;11;0;0;0;0;298.00;524.00;;0%
'Термонаклейка Кот цветы внутри;1238299361;1738652819;OZN1738652819;Термонаклейка для одежды: Кот цветы внутри;'47.5;Amazing pics;Продается;25;'5.00;Показывается;;23.10.2024 12:03;Материал для рукоделия;Термонаклейка;'0.06;'0.1;15;0;0;0;0;298.00;524.00;;0%
'Термонаклейка Черный Кот в цветах;1238299363;1738652561;OZN1738652561;Термонаклейка для одежды: Черный Кот в цветах;'22.5;Amazing pics;Продается;12;'5.00;Показывается;;23.10.2024 12:03;Материал для рукоделия;Термонаклейка;'0.06;'0.1;23;0;0;0;0;298.00;524.00;;0%
'Термонаклейка Белая Лошадь Цветы;1238299364;1738651871;OZN1738651871;Термонаклейка для одежды: Белая Лошадь Цветы;'47.5;Amazing pics;Продается;90;'5.00;Показывается;;23.10.2024 12:03;Материал для рукоделия;Термонаклейка;'0.07;'0.1;51;1;0;0;0;298.00;524.00;;0%
'Термонаклейка Девушка Природа Силует;1238299365;1738652486;OZN1738652486;Термонаклейка для одежды: Девушка Природа Силует;'47.5;Amazing pics;Продается;26;'5.00;Показывается;;23.10.2024 12:03;Материал для рукоделия;Термонаклейка;'0.06;'0.1;26;0;0;0;0;298.00;524.00;;0%
'Термонаклейка Бабочка зеленная листья;1238299366;1738652399;OZN1738652399;Термонаклейка для одежды: Бабочка зеленная листья;'47.5;Amazing pics;Продается;28;'5.00;Показывается;;23.10.2024 12:03;Материал для рукоделия;Термонаклейка;'0.06;'0.1;53;0;0;0;0;298.00;524.00;;0%
'Термонаклейка Лотос розовый золотистый;1238299367;1738651921;OZN1738651921;Термонаклейка для одежды: Лотос розовый золотистый;'47.5;Amazing pics;Продается;81;'5.00;Показывается;;23.10.2024 12:03;Материал для рукоделия;Термонаклейка;'0.07;'0.1;82;0;0;0;0;298.00;524.00;;0%
'Термонаклейка Мотылек Луна;1238299368;1738651917;OZN1738651917;Термонаклейка для одежды: Мотылек Луна;'47.5;Amazing pics;Продается;32;'5.00;Показывается;;23.10.2024 12:03;Материал для рукоделия;Термонаклейка;'0.06;'0.1;40;0;0;0;0;298.00;524.00;;0%
'Термонаклейка Девушка и 2 ласточки;1238299369;1738651829;OZN1738651829;Термонаклейка для одежды: Девушка и 2 ласточки;'47.5;Amazing pics;Продается;16;'5.00;Показывается;;23.10.2024 12:03;Материал для рукоделия;Термонаклейка;'0.32;'0.1;41;0;0;0;0;298.00;524.00;;0%
'Термонаклейка Подсолнухи Цветы;1238299370;1738651613;OZN1738651613;Термонаклейка для одежды: Подсолнухи Цветы;'47.5;Amazing pics;Продается;94;'5.00;Показывается;;23.10.2024 12:03;Материал для рукоделия;Термонаклейка;'0.07;'0.1;63;0;0;0;0;298.00;524.00;;0%
'Термонаклейка Белый Кот в цветах;1238299371;1738652966;OZN1738652966;Термонаклейка для одежды: Белый Кот в цветах;'47.5;Amazing pics;Продается;30;'5.00;Показывается;;23.10.2024 12:03;Материал для рукоделия;Термонаклейка;'0.32;'0.1;37;0;0;0;0;298.00;524.00;;0%
'Термонаклейка Девушка Силует Закат;1238299372;1738651975;OZN1738651975;Термонаклейка для одежды: Девушка Силует Закат;'47.5;Amazing pics;Продается;21;'5.00;Показывается;;23.10.2024 12:03;Материал для рукоделия;Термонаклейка;'0.06;'0.1;22;0;0;0;0;298.00;524.00;;0%
'Термонаклейка Морская Ракушка Силует;1238299373;1738652535;OZN1738652535;Термонаклейка для одежды: Морская Ракушка Силует;'47.5;Amazing pics;Продается;20;'5.00;Показывается;;23.10.2024 12:03;Материал для рукоделия;Термонаклейка;'0.06;'0.1;30;0;0;0;0;298.00;524.00;;0%
'Термонаклейка Сердце Букет Цветы;1238299374;1738652490;OZN1738652490;Термонаклейка для одежды: Сердце Букет Цветы;'47.5;Amazing pics;Продается;65;'5.00;Показывается;;23.10.2024 12:03;Материал для рукоделия;Термонаклейка;'0.07;'0.1;43;1;0;0;0;298.00;524.00;;0%
'Термонаклейка Девушка Волосы Бабочки;1238299375;1738651416;OZN1738651416;Термонаклейка для одежды: Девушка Волосы Бабочки;'47.5;Amazing pics;Продается;5;'5.00;Показывается;;23.10.2024 12:03;Материал для рукоделия;Термонаклейка;'0.06;'0.1;20;0;0;0;0;298.00;524.00;;0%
'Термонаклейка Девушка Венок Луна Акварель;1238299376;1738652147;OZN1738652147;Термонаклейка для одежды: Девушка Венок Луна Акварель;'47.5;Amazing pics;Продается;38;'5.00;Показывается;;23.10.2024 12:03;Материал для рукоделия;Термонаклейка;'0.07;'0.1;23;0;0;0;0;298.00;524.00;;0%
'Термонаклейка Орхидея Цветы Розовые;1238299377;1738652745;OZN1738652745;Термонаклейка для одежды: Орхидея Цветы Розовые;'47.5;Amazing pics;Продается;67;'5.00;Показывается;;23.10.2024 12:03;Материал для рукоделия;Термонаклейка;'0.07;'0.1;39;1;0;0;0;298.00;524.00;;0%
'Термонаклейка Девушка Маска Доберман Собака;1238299378;1738652902;OZN1738652902;Термонаклейка для одежды: Девушка Маска Доберман Собака;'47.5;Amazing pics;Продается;13;'5.00;Показывается;;23.10.2024 12:03;Материал для рукоделия;Термонаклейка;'0.06;'0.1;26;0;0;0;0;298.00;524.00;;0%
'Термонаклейка Девочка и Лиса;1238299379;1738653148;OZN1738653148;Термонаклейка для одежды: Девочка и Лиса;'47.5;Amazing pics;Продается;40;'5.00;Показывается;;23.10.2024 12:03;Материал для рукоделия;Термонаклейка;'0.07;'0.1;38;0;0;0;0;298.00;524.00;;0%
'Термонаклейка Кит в Цветах;1238299380;1738652878;OZN1738652878;Термонаклейка для одежды: Кит в Цветах;'47.5;Amazing pics;Продается;32;'5.00;Показывается;;23.10.2024 12:03;Материал для рукоделия;Термонаклейка;'0.07;'0.1;58;0;0;0;0;298.00;524.00;;0%
'Термонаклейка Цветы Синий Акварель;1238299381;1738651684;OZN1738651684;Термонаклейка для одежды: Цветы Синий Акварель;'47.5;Amazing pics;Продается;132;'5.00;Показывается;;23.10.2024 12:03;Материал для рукоделия;Термонаклейка;'0.07;'0.1;65;0;0;0;0;298.00;524.00;;0%
'Термонаклейка Сердце Море Силует;1238299382;1738651926;OZN1738651926;Термонаклейка для одежды: Сердце Море Силует;'47.5;Amazing pics;Продается;20;'5.00;Показывается;;23.10.2024 12:03;Материал для рукоделия;Термонаклейка;'0.07;'0.1;85;0;0;0;0;298.00;524.00;;0%
'Термонаклейка Черепаха Цветы на панцире;1238299383;1738652063;OZN1738652063;Термонаклейка для одежды: Черепаха Цветы на панцире;'47.5;Amazing pics;Продается;14;'5.00;Показывается;;23.10.2024 12:03;Материал для рукоделия;Термонаклейка;'0.06;'0.1;22;0;0;0;0;298.00;524.00;;0%
'Термонаклейка Девушка Силует Акварель Лес;1238299384;1738652367;OZN1738652367;Термонаклейка для одежды: Девушка Силует Акварель Лес;'47.5;Amazing pics;Продается;22;'5.00;Показывается;;23.10.2024 12:03;Материал для рукоделия;Термонаклейка;'0.06;'0.1;25;0;0;0;0;298.00;524.00;;0%
'Термонаклейка набор Щенячий Патруль Paw Patrol;1252473108;1750741073;OZN1750741073;Термонаклейка для одежды: набор Щенячий Патруль Paw Patrol;'47.5;Amazing pics;Продается;121;'5.00;Показывается;;06.11.2024 10:59;Материал для рукоделия;Термонаклейка;'0.07;'0.1;75;1;0;0;0;298.00;524.00;;0%
'Термонаклейка набор Симпсоны The Simpsons;1252477912;1750745563;OZN1750745563;Термонаклейка для одежды: набор Симпсоны The Simpsons;'47.5;Amazing pics;Продается;15;'5.00;Показывается;;06.11.2024 11:04;Материал для рукоделия;Термонаклейка;'0.06;'0.1;29;0;0;0;0;298.00;524.00;;0%
'Термонаклейка набор Черепашки ниндзя turtles TMNT;1252477913;1750746305;OZN1750746305;Термонаклейка для одежды: набор Черепашки ниндзя turtles TMNT;'47.5;Amazing pics;Продается;130;'5.00;Показывается;;06.11.2024 11:04;Материал для рукоделия;Термонаклейка;'0.06;'0.1;35;1;0;0;0;298.00;524.00;;0%
'Термонаклейка набор Соник Sonic;1252477914;1750746301;OZN1750746301;Термонаклейка для одежды: набор Соник Sonic;'47.5;Amazing pics;Продается;58;'5.00;Показывается;;06.11.2024 11:04;Материал для рукоделия;Термонаклейка;'0.07;'0.1;59;0;0;0;0;298.00;524.00;;0%
'Термонаклейка набор Том и Джерри Tom and Jerry;1252477915;1750745566;OZN1750745566;Термонаклейка для одежды: набор Том и Джерри Tom and Jerry;'47.5;Amazing pics;Продается;40;'5.00;Показывается;;06.11.2024 11:04;Материал для рукоделия;Термонаклейка;'0.07;'0.1;46;0;0;0;0;298.00;524.00;;0%
'Термонаклейка набор Винни Пух;1252477916;1750745576;OZN1750745576;Термонаклейка для одежды: набор Винни Пух;'47.5;Amazing pics;Продается;10;'5.00;Показывается;;06.11.2024 11:04;Материал для рукоделия;Термонаклейка;'0.06;'0.1;20;0;0;0;0;298.00;524.00;;0%
'Термонаклейка Аниме девочка в цветах и фонарях;1375841721;1849771468;OZN1849771468;Термонаклейка для одежды: Аниме девочка в цветах и фонарях;'47.5;Amazing pics;Продается;9;'5.00;Показывается;;28.01.2025 4:55;Материал для рукоделия;Термонаклейка;'0.06;'0.1;23;0;0;0;0;298.00;524.00;;0%
'Термонаклейка Чёрный кот на закате у моря и цветов;1375852827;1849777829;OZN1849777829;Термонаклейка для одежды: Чёрный кот на закате у моря и цветов;'47.5;Amazing pics;Продается;38;'5.00;Показывается;;28.01.2025 5:14;Материал для рукоделия;Термонаклейка;'0.06;'0.1;39;0;0;0;0;298.00;524.00;;0%
'Термонаклейка Кит в голубых и розовых оттенках;1375852828;1849777981;OZN1849777981;Термонаклейка для одежды: Кит в голубых и розовых оттенках;'47.5;Amazing pics;Продается;8;'5.00;Показывается;;28.01.2025 5:14;Материал для рукоделия;Термонаклейка;'0.06;'0.1;23;0;0;0;0;298.00;524.00;;0%
'Термонаклейка Девушка в цветах и золотом круге;1375852829;1849778110;OZN1849778110;Термонаклейка для одежды: Девушка в цветах и золотом круге;'47.5;Amazing pics;Продается;27;'5.00;Показывается;;28.01.2025 5:14;Материал для рукоделия;Термонаклейка;'0.06;'0.1;20;0;0;0;0;298.00;524.00;;0%
'Термонаклейка Маленький принц на синем ките;1375852830;1849777791;OZN1849777791;Термонаклейка для одежды: Маленький принц на синем ките;'47.5;Amazing pics;Продается;30;'5.00;Показывается;;28.01.2025 5:14;Материал для рукоделия;Термонаклейка;'0.31;'0.1;52;0;0;0;0;298.00;524.00;;0%
'Термонаклейка Тигр с букетом жёлтых тюльпанов;1375852831;1849777893;OZN1849777893;Термонаклейка для одежды: Тигр с букетом жёлтых тюльпанов;'47.5;Amazing pics;Продается;6;'5.00;Показывается;;28.01.2025 5:14;Материал для рукоделия;Термонаклейка;'0.06;'0.1;20;0;0;0;0;298.00;524.00;;0%
'Термонаклейка Чёрная кошка с узорами на фоне луны;1375852832;1849777815;OZN1849777815;Термонаклейка для одежды: Чёрная кошка с узорами на фоне луны;'47.5;Amazing pics;Продается;101;'5.00;Показывается;;28.01.2025 5:14;Материал для рукоделия;Термонаклейка;'0.06;'0.1;86;0;0;0;0;298.00;524.00;;0%
'Термонаклейка Синий лев с золотыми акцентами;1375852833;1849777581;OZN1849777581;Термонаклейка для одежды: Синий лев с золотыми акцентами;'47.5;Amazing pics;Продается;19;'5.00;Показывается;;28.01.2025 5:14;Материал для рукоделия;Термонаклейка;'0.06;'0.1;21;0;0;0;0;298.00;524.00;;0%
'Термонаклейка Сова в цветах;1375852834;1849777716;OZN1849777716;Термонаклейка для одежды: Сова в цветах;'47.5;Amazing pics;Продается;12;'5.00;Показывается;;28.01.2025 5:14;Материал для рукоделия;Термонаклейка;'0.06;'0.1;14;0;0;0;0;298.00;524.00;;0%
'Термонаклейка Чёрный волк красный луна;1375852835;1849777650;OZN1849777650;Термонаклейка для одежды: Чёрный волк красный луна;'47.5;Amazing pics;Продается;37;'5.00;Показывается;;28.01.2025 5:14;Материал для рукоделия;Термонаклейка;'0.06;'0.1;33;0;0;0;0;298.00;524.00;;0%
'Термонаклейка Кошка розово-фиолетовая крупный план;1375852836;1849778040;OZN1849778040;Термонаклейка для одежды: Кошка розово-фиолетовая крупный план;'47.5;Amazing pics;Продается;41;'5.00;Показывается;;28.01.2025 5:14;Материал для рукоделия;Термонаклейка;'0.06;'0.1;59;0;0;0;0;298.00;524.00;;0%
'Термонаклейка Карточная королева кричит;1375852837;1849777940;OZN1849777940;Термонаклейка для одежды: Карточная королева кричит;'47.5;Amazing pics;Продается;7;'5.00;Показывается;;28.01.2025 5:14;Материал для рукоделия;Термонаклейка;'0.06;'0.1;22;0;0;0;0;298.00;524.00;;0%
'Термонаклейка Тигр спит среди тропических цветов;1375852838;1849778044;OZN1849778044;Термонаклейка для одежды: Тигр спит среди тропических цветов;'47.5;Amazing pics;Продается;7;'5.00;Показывается;;28.01.2025 5:14;Материал для рукоделия;Термонаклейка;'0.06;'0.1;18;0;0;0;0;298.00;524.00;;0%
'Термонаклейка Девушка-кошка с чёрным котом поцелуй;1375852839;1849777586;OZN1849777586;Термонаклейка для одежды: Девушка-кошка с чёрным котом поцелуй;'47.5;Amazing pics;Продается;8;'5.00;Показывается;;28.01.2025 5:14;Материал для рукоделия;Термонаклейка;'0.06;'0.1;11;0;0;0;0;298.00;524.00;;0%
'Термонаклейка Ловец снов акварель;1375852840;1849778023;OZN1849778023;Термонаклейка для одежды: Ловец снов акварель;'47.5;Amazing pics;Продается;101;'5.00;Показывается;;28.01.2025 5:14;Материал для рукоделия;Термонаклейка;'0.07;'0.1;90;1;0;0;0;298.00;524.00;;0%
'Термонаклейка Лошадь в космических красках;1375852841;1849777600;OZN1849777600;Термонаклейка для одежды: Лошадь в космических красках;'47.5;Amazing pics;Продается;26;'5.00;Показывается;;28.01.2025 5:14;Материал для рукоделия;Термонаклейка;'0.07;'0.1;7;0;0;0;0;298.00;524.00;;0%
'Термонаклейка Кит в золотом дизайне космос;1375852842;1849777647;OZN1849777647;Термонаклейка для одежды: Кит в золотом дизайне космос;'47.5;Amazing pics;Продается;45;'5.00;Показывается;;28.01.2025 5:14;Материал для рукоделия;Термонаклейка;'0.06;'0.1;38;0;0;0;0;298.00;524.00;;0%
'Термонаклейка Тигр в витражном стиле;1375852843;1849777720;OZN1849777720;Термонаклейка для одежды: Тигр в витражном стиле;'47.5;Amazing pics;Продается;7;'5.00;Показывается;;28.01.2025 5:14;Материал для рукоделия;Термонаклейка;'0.06;'0.1;32;0;0;0;0;298.00;524.00;;0%
'Термонаклейка Девушка с галактической магией;1375852844;1849777551;OZN1849777551;Термонаклейка для одежды: Девушка с галактической магией;'47.5;Amazing pics;Продается;26;'5.00;Показывается;;28.01.2025 5:14;Материал для рукоделия;Термонаклейка;'0.06;'0.1;27;0;0;0;0;298.00;524.00;;0%
'Термонаклейка Лошадь в золотых и мраморных тонах;1375852845;1849778151;OZN1849778151;Термонаклейка для одежды: Лошадь в золотых и мраморных тонах;'47.5;Amazing pics;Продается;25;'5.00;Показывается;;28.01.2025 5:14;Материал для рукоделия;Термонаклейка;'0.06;'0.1;3;2;0;0;0;298.00;524.00;;0%
'Термонаклейка Золотой лев в изысканном узоре;1375852846;1849777651;OZN1849777651;Термонаклейка для одежды: Золотой лев в изысканном узоре;'47.5;Amazing pics;Продается;17;'5.00;Показывается;;28.01.2025 5:14;Материал для рукоделия;Термонаклейка;'0.06;'0.1;42;0;0;0;0;298.00;524.00;;0%
'Термонаклейка Белый волк с цветами и узорами;1375852847;1849777656;OZN1849777656;Термонаклейка для одежды: Белый волк с цветами и узорами;'47.5;Amazing pics;Продается;56;'5.00;Показывается;;28.01.2025 5:14;Материал для рукоделия;Термонаклейка;'0.06;'0.1;37;0;0;0;0;298.00;524.00;;0%
'Термонаклейка Королева с бокалом игральная карта;1375852848;1849777833;OZN1849777833;Термонаклейка для одежды: Королева с бокалом игральная карта;'47.5;Amazing pics;Продается;15;'5.00;Показывается;;28.01.2025 5:14;Материал для рукоделия;Термонаклейка;'0.07;'0.1;32;0;0;0;0;298.00;524.00;;0%
'Термонаклейка Пара леопардов в ночной листве;1375852849;1849777906;OZN1849777906;Термонаклейка для одежды: Пара леопардов в ночной листве;'47.5;Amazing pics;Продается;39;'5.00;Показывается;;28.01.2025 5:14;Материал для рукоделия;Термонаклейка;'0.06;'0.1;44;0;0;0;0;298.00;524.00;;0%
'Термонаклейка Аниме девочка с мыльными пузырями;1375852851;1849777862;OZN1849777862;Термонаклейка для одежды: Аниме девочка с мыльными пузырями;'47.5;Amazing pics;Продается;18;'5.00;Показывается;;28.01.2025 5:14;Материал для рукоделия;Термонаклейка;'0.06;'0.1;17;0;0;0;0;298.00;524.00;;0%
'Термонаклейка Животные с радугой;1456245194;1912188679;OZN1912188679;Термонаклейка для одежды: Животные с радугой;'47.5;Amazing pics;Продается;1;'5.00;Показывается;;03.03.2025 13:44;Материал для рукоделия;Термонаклейка;'0.04;'0.1;24;1;0;0;0;298.00;524.00;;0%
'Термонаклейка Радужный мишка с улыбкой;1456260722;1912201998;OZN1912201998;Термонаклейка для одежды: Радужный мишка с улыбкой;'47.5;Amazing pics;Продается;8;'5.00;Показывается;;03.03.2025 13:54;Материал для рукоделия;Термонаклейка;'0.04;'0.1;36;0;0;0;0;298.00;524.00;;0%
'Термонаклейка Радужный котенок счастливый;1456260723;1912202740;OZN1912202740;Термонаклейка для одежды: Радужный котенок счастливый;'47.5;Amazing pics;Продается;6;'5.00;Показывается;;03.03.2025 13:54;Материал для рукоделия;Термонаклейка;'0.04;'0.1;27;0;0;0;0;298.00;524.00;;0%
'Термонаклейка Лисёнок с розовыми щёчками;1456260724;1912202107;OZN1912202107;Термонаклейка для одежды: Лисёнок с розовыми щёчками;'22.5;Amazing pics;Продается;0;'5.00;Показывается;;03.03.2025 13:54;Материал для рукоделия;Термонаклейка;'0.04;'0.1;17;0;0;0;0;298.00;524.00;;0%
'Термонаклейка Оленёнок в шарфе;1456260725;1912202149;OZN1912202149;Термонаклейка для одежды: Оленёнок в шарфе;'22.5;Amazing pics;Продается;1;'5.00;Показывается;;03.03.2025 13:54;Материал для рукоделия;Термонаклейка;'0.04;'0.1;17;0;0;0;0;298.00;524.00;;0%
'Термонаклейка Ёжики в кружках с сердечками;1456260726;1912201742;OZN1912201742;Термонаклейка для одежды: Ёжики в кружках с сердечками;'22.5;Amazing pics;Продается;3;'5.00;Показывается;;03.03.2025 13:54;Материал для рукоделия;Термонаклейка;'0.04;'0.1;10;0;0;0;0;298.00;524.00;;0%
'Термонаклейка Девочка Ангел с хвостами;1456260727;1912202033;OZN1912202033;Термонаклейка для одежды: Девочка Ангел с хвостами;'47.5;Amazing pics;Продается;103;'5.00;Показывается;;03.03.2025 13:54;Материал для рукоделия;Термонаклейка;'0.04;'0.1;81;0;0;0;0;298.00;524.00;;0%
'Термонаклейка львенок выглядывает игриво;1456260728;1912202814;OZN1912202814;Термонаклейка для одежды: львенок выглядывает игриво;'47.5;Amazing pics;Продается;3;'5.00;Показывается;;03.03.2025 13:54;Материал для рукоделия;Термонаклейка;'0.04;'0.1;24;0;0;0;0;298.00;524.00;;0%
'Термонаклейка Улыбающийся лисенок в снегу;1456260729;1912202105;OZN1912202105;Термонаклейка для одежды: Улыбающийся лисенок в снегу;'47.5;Amazing pics;Продается;18;'5.00;Показывается;;03.03.2025 13:54;Материал для рукоделия;Термонаклейка;'0.04;'0.1;34;1;0;0;0;298.00;524.00;;0%
'Термонаклейка Балерина в сиреневом;1456260730;1912202818;OZN1912202818;Термонаклейка для одежды: Балерина в сиреневом;'47.5;Amazing pics;Продается;26;'5.00;Показывается;;03.03.2025 13:54;Материал для рукоделия;Термонаклейка;'0.04;'0.1;64;0;0;0;0;298.00;524.00;;0%
'Термонаклейка Весёлый енот выглядывает;1456260731;1912202795;OZN1912202795;Термонаклейка для одежды: Весёлый енот выглядывает;'47.5;Amazing pics;Продается;86;'5.00;Показывается;;03.03.2025 13:54;Материал для рукоделия;Термонаклейка;'0.04;'0.1;35;1;0;0;0;298.00;524.00;;0%
'Термонаклейка Девочка в розовом платье;1456260732;1912202099;OZN1912202099;Термонаклейка для одежды: Девочка в розовом платье;'47.5;Amazing pics;Продается;39;'5.00;Показывается;;03.03.2025 13:54;Материал для рукоделия;Термонаклейка;'0.04;'0.1;69;0;0;0;0;298.00;524.00;;0%
'Термонаклейка арбуз с сердцем и надписью;1456260733;1912202725;OZN1912202725;Термонаклейка для одежды: арбуз с сердцем и надписью;'47.5;Amazing pics;Продается;4;'5.00;Показывается;;03.03.2025 13:54;Материал для рукоделия;Термонаклейка;'0.04;'0.1;26;0;0;0;0;298.00;524.00;;0%
'Термонаклейка Девочка в зелёном с подсолнухом;1456260734;1912202762;OZN1912202762;Термонаклейка для одежды: Девочка в зелёном с подсолнухом;'47.5;Amazing pics;Продается;24;'5.00;Показывается;;03.03.2025 13:54;Материал для рукоделия;Термонаклейка;'0.04;'0.1;53;1;0;0;0;298.00;524.00;;0%
'Термонаклейка Фея в ночном лесу;1456260735;1912202800;OZN1912202800;Термонаклейка для одежды: Фея в ночном лесу;'47.5;Amazing pics;Продается;5;'5.00;Показывается;;03.03.2025 13:54;Материал для рукоделия;Термонаклейка;'0.04;'0.1;37;0;0;0;0;298.00;524.00;;0%
'Термонаклейка Львенок счастливый;1456260736;1912202625;OZN1912202625;Термонаклейка для одежды: Львенок счастливый;'47.5;Amazing pics;Продается;4;'5.00;Показывается;;03.03.2025 13:54;Материал для рукоделия;Термонаклейка;'0.04;'0.1;27;0;0;0;0;298.00;524.00;;0%
'Термонаклейка Девочка с маком в руках;1456260737;1912202150;OZN1912202150;Термонаклейка для одежды: Девочка с маком в руках;'47.5;Amazing pics;Продается;10;'5.00;Показывается;;03.03.2025 13:54;Материал для рукоделия;Термонаклейка;'0.04;'0.1;18;0;0;0;0;298.00;524.00;;0%
'Термонаклейка Девочка с бабочкой;1456260738;1912202508;OZN1912202508;Термонаклейка для одежды: Девочка с бабочкой;'22.5;Amazing pics;Продается;10;'5.00;Показывается;;03.03.2025 13:54;Материал для рукоделия;Термонаклейка;'0.04;'0.1;23;0;0;0;0;298.00;524.00;;0%
'Термонаклейка Чёрный котенок в цветах;1456260739;1912202516;OZN1912202516;Термонаклейка для одежды: Чёрный котенок в цветах;'47.5;Amazing pics;Продается;26;'5.00;Показывается;;03.03.2025 13:54;Материал для рукоделия;Термонаклейка;'0.04;'0.1;28;0;0;0;0;298.00;524.00;;0%
'Термонаклейка Лисёнок в свитере с узорами;1456260741;1912202637;OZN1912202637;Термонаклейка для одежды: Лисёнок в свитере с узорами;'22.5;Amazing pics;Продается;2;'5.00;Показывается;;03.03.2025 13:54;Материал для рукоделия;Термонаклейка;'0.04;'0.1;42;0;0;0;0;298.00;524.00;;0%
'Термонаклейка Разноцветные сердечки;1456260742;1912201812;OZN1912201812;Термонаклейка для одежды: Разноцветные сердечки;'47.5;Amazing pics;Продается;7;'5.00;Показывается;;03.03.2025 13:54;Материал для рукоделия;Термонаклейка;'0.04;'0.1;23;0;0;0;0;298.00;524.00;;0%
'Термонаклейка львенок с милой улыбкой;1456260743;1912202756;OZN1912202756;Термонаклейка для одежды: львенок с милой улыбкой;'47.5;Amazing pics;Продается;8;'5.00;Показывается;;03.03.2025 13:54;Материал для рукоделия;Термонаклейка;'0.04;'0.1;42;0;0;0;0;298.00;524.00;;0%
'Термонаклейка Тигренок счастливый радужный;1456260744;1912202590;OZN1912202590;Термонаклейка для одежды: Тигренок счастливый радужный;'22.5;Amazing pics;Продается;5;'5.00;Показывается;;03.03.2025 13:54;Материал для рукоделия;Термонаклейка;'0.04;'0.1;17;0;0;0;0;298.00;524.00;;0%
'Термонаклейка Зевающий зайка в пижаме;1456260745;1912202058;OZN1912202058;Термонаклейка для одежды: Зевающий зайка в пижаме;'47.5;Amazing pics;Продается;3;'5.00;Показывается;;03.03.2025 13:54;Материал для рукоделия;Термонаклейка;'0.04;'0.1;28;0;0;0;0;298.00;524.00;;0%
'Термонаклейка Букет тюльпанов бело-синий фон;2184271862;2449977854;OZN2449977854;Термонаклейка для одежды: Букет тюльпанов бело-синий фон;'22.5;Amazing pics;Продается;0;'5.00;Показывается;;11.07.2025 6:24;Материал для рукоделия;Термонаклейка;'0.19;'0.1;32;0;0;0;0;298.00;524.00;;0%
'Термонаклейка Яркие лодки на бирюзовой море;2184271867;2449977213;OZN2449977213;Термонаклейка для одежды: Яркие лодки на бирюзовой море;'22.5;Amazing pics;Продается;6;'5.00;Показывается;;11.07.2025 6:24;Материал для рукоделия;Термонаклейка;'0.19;'0.1;20;0;0;0;0;298.00;524.00;;0%
'Термонаклейка Фламинго на воде;2184271868;2449975997;OZN2449975997;Термонаклейка для одежды: Фламинго на воде;'22.5;Amazing pics;Продается;1;'5.00;Показывается;;11.07.2025 6:24;Материал для рукоделия;Термонаклейка;'0.19;'0.1;28;0;0;0;0;298.00;524.00;;0%
'Термонаклейка Прикосновение рук Сотворения Адама;2184271872;2449977489;OZN2449977489;Термонаклейка для одежды: Прикосновение рук Сотворения Адама;'22.5;Amazing pics;Продается;8;'5.00;Показывается;;11.07.2025 6:24;Материал для рукоделия;Термонаклейка;'0.19;'0.1;20;0;0;0;0;298.00;524.00;;0%
'Термонаклейка Роза с бутоном акварель;2184271875;2449979646;OZN2449979646;Термонаклейка для одежды: Роза с бутоном акварель;'22.5;Amazing pics;Продается;5;'5.00;Показывается;;11.07.2025 6:24;Материал для рукоделия;Термонаклейка;'0.19;'0.1;21;0;0;0;0;298.00;524.00;;0%
'Термонаклейка Девушка в поле розовых цветов;2184271876;2449977972;OZN2449977972;Термонаклейка для одежды: Девушка в поле розовых цветов;'22.5;Amazing pics;Продается;0;'5.00;Показывается;;11.07.2025 6:24;Материал для рукоделия;Термонаклейка;'0.19;'0.1;30;0;0;0;0;298.00;524.00;;0%
'Термонаклейка Эйфелева башня и лицо девушки;2184271877;2449976830;OZN2449976830;Термонаклейка для одежды: Эйфелева башня и лицо девушки;'22.5;Amazing pics;Продается;7;'5.00;Показывается;;11.07.2025 6:24;Материал для рукоделия;Термонаклейка;'0.19;'0.1;19;0;0;0;0;298.00;524.00;;0%
'Термонаклейка Девушка ebis ono by horse;2184271878;2449978285;OZN2449978285;Термонаклейка для одежды: Девушка ebis ono by horse;'22.5;Amazing pics;Продается;5;'5.00;Показывается;;11.07.2025 6:24;Материал для рукоделия;Термонаклейка;'0.19;'0.1;25;0;0;0;0;298.00;524.00;;0%
'Термонаклейка Девочка и кот у моря;2184271879;2449978096;OZN2449978096;Термонаклейка для одежды: Девочка и кот у моря;'22.5;Amazing pics;Продается;2;'5.00;Показывается;;11.07.2025 6:24;Материал для рукоделия;Термонаклейка;'0.19;'0.1;25;0;0;0;0;298.00;524.00;;0%
'Термонаклейка Сияй, чёрт возьми - корона;2184271884;2449977830;OZN2449977830;Термонаклейка для одежды: Сияй, чёрт возьми - корона;'22.5;Amazing pics;Продается;5;'5.00;Показывается;;11.07.2025 6:24;Материал для рукоделия;Термонаклейка;'0.19;'0.1;18;0;0;0;0;298.00;524.00;;0%
'Термонаклейка Девушка с цветами в арт-стиле;2184271886;2449979383;OZN2449979383;Термонаклейка для одежды: Девушка с цветами в арт-стиле;'22.5;Amazing pics;Продается;1;'5.00;Показывается;;11.07.2025 6:24;Материал для рукоделия;Термонаклейка;'0.19;'0.1;28;0;0;0;0;298.00;524.00;;0%
'Термонаклейка Балерина в белом платье;2184271887;2449977151;OZN2449977151;Термонаклейка для одежды: Балерина в белом платье;'22.5;Amazing pics;Продается;2;'5.00;Показывается;;11.07.2025 6:24;Материал для рукоделия;Термонаклейка;'0.19;'0.1;19;0;0;0;0;298.00;524.00;;0%
'Термонаклейка Тюльпаны акварель;2184271892;2449977812;OZN2449977812;Термонаклейка для одежды: Тюльпаны акварель;'22.5;Amazing pics;Продается;0;'5.00;Показывается;;11.07.2025 6:24;Материал для рукоделия;Термонаклейка;'0.19;'0.1;30;0;0;0;0;298.00;524.00;;0%
'Термонаклейка Гортензии акварель;2184271906;2449977848;OZN2449977848;Термонаклейка для одежды: Гортензии акварель;'22.5;Amazing pics;Продается;14;'5.00;Показывается;;11.07.2025 6:24;Материал для рукоделия;Термонаклейка;'0.19;'0.1;14;0;0;0;0;298.00;524.00;;0%
'Термонаклейка Девушка в золотых трещинах;2184271908;2449977623;OZN2449977623;Термонаклейка для одежды: Девушка в золотых трещинах;'22.5;Amazing pics;Продается;3;'5.00;Показывается;;11.07.2025 6:24;Материал для рукоделия;Термонаклейка;'0.19;'0.1;23;0;0;0;0;298.00;524.00;;0%
'Термонаклейка Итальянская набережная;2184271909;2449976760;OZN2449976760;Термонаклейка для одежды: Итальянская набережная;'22.5;Amazing pics;Продается;6;'5.00;Показывается;;11.07.2025 6:24;Материал для рукоделия;Термонаклейка;'0.19;'0.1;31;0;0;0;0;298.00;524.00;;0%
'Термонаклейка Воздушный шар из пионов;2184271911;2449978556;OZN2449978556;Термонаклейка для одежды: Воздушный шар из пионов;'22.5;Amazing pics;Продается;11;'5.00;Показывается;;11.07.2025 6:24;Материал для рукоделия;Термонаклейка;'0.19;'0.1;38;0;0;0;0;298.00;524.00;;0%
'Термонаклейка Три фламинго у воды лево;2184271922;2449976743;OZN2449976743;Термонаклейка для одежды: Три фламинго у воды лево;'22.5;Amazing pics;Продается;2;'5.00;Показывается;;11.07.2025 6:24;Материал для рукоделия;Термонаклейка;'0.19;'0.1;29;0;0;0;0;298.00;524.00;;0%
'Термонаклейка Рука жест рок металл;2184271942;2449977121;OZN2449977121;Термонаклейка для одежды: Рука жест рок металл;'22.5;Amazing pics;Продается;5;'5.00;Показывается;;11.07.2025 6:24;Материал для рукоделия;Термонаклейка;'0.19;'0.1;30;1;0;0;0;298.00;524.00;;0%
'Термонаклейка Девушка в белом на берегу моря;2184271943;2449976996;OZN2449976996;Термонаклейка для одежды: Девушка в белом на берегу моря;'22.5;Amazing pics;Продается;2;'5.00;Показывается;;11.07.2025 6:24;Материал для рукоделия;Термонаклейка;'0.19;'0.1;26;0;0;0;0;298.00;524.00;;0%
'Термонаклейка Чёрная кошка и луна;2184271946;2449976986;OZN2449976986;Термонаклейка для одежды: Чёрная кошка и луна;'22.5;Amazing pics;Продается;4;'5.00;Показывается;;11.07.2025 6:24;Материал для рукоделия;Термонаклейка;'0.19;'0.1;23;0;0;0;0;298.00;524.00;;0%
'Термонаклейка Фламинго трое на воде право;2184271950;2449979595;OZN2449979595;Термонаклейка для одежды: Фламинго трое на воде право;'22.5;Amazing pics;Продается;1;'5.00;Показывается;;11.07.2025 6:24;Материал для рукоделия;Термонаклейка;'0.19;'0.1;30;0;0;0;0;298.00;524.00;;0%
'Термонаклейка Девушка в ромашковом поле;2184271959;2449977394;OZN2449977394;Термонаклейка для одежды: Девушка в ромашковом поле;'22.5;Amazing pics;Продается;1;'5.00;Показывается;;11.07.2025 6:24;Материал для рукоделия;Термонаклейка;'0.19;'0.1;29;0;0;0;0;298.00;524.00;;0%
'Термонаклейка Не буди лихо пока тихо;2184271960;2449978533;OZN2449978533;Термонаклейка для одежды: Не буди лихо пока тихо;'22.5;Amazing pics;Продается;4;'5.00;Показывается;;11.07.2025 6:24;Материал для рукоделия;Термонаклейка;'0.19;'0.1;21;0;0;0;0;298.00;524.00;;0%
'Термонаклейка Чайка и морской пейзаж;2184271964;2449977131;OZN2449977131;Термонаклейка для одежды: Чайка и морской пейзаж;'22.5;Amazing pics;Продается;2;'5.00;Показывается;;11.07.2025 6:24;Материал для рукоделия;Термонаклейка;'0.19;'0.1;16;0;0;0;0;298.00;524.00;;0%
'Термонаклейка Уточка с полотенцем;2184271968;2449977197;OZN2449977197;Термонаклейка для одежды: Уточка с полотенцем;'22.5;Amazing pics;Продается;0;'5.00;Показывается;;11.07.2025 6:24;Материал для рукоделия;Термонаклейка;'0.19;'0.1;28;0;0;0;0;298.00;524.00;;0%
'Термонаклейка Медуза в очках и с змеями;2184271973;2449977033;OZN2449977033;Термонаклейка для одежды: Медуза в очках и с змеями;'22.5;Amazing pics;Продается;21;'5.00;Показывается;;11.07.2025 6:24;Материал для рукоделия;Термонаклейка;'0.19;'0.1;23;0;0;0;0;298.00;524.00;;0%
'Термонаклейка Чёрная кошка с кругом цифра 9;2184271977;2449977090;OZN2449977090;Термонаклейка для одежды: Чёрная кошка с кругом цифра 9;'22.5;Amazing pics;Продается;2;'5.00;Показывается;;11.07.2025 6:24;Материал для рукоделия;Термонаклейка;'0.19;'0.1;24;0;0;0;0;298.00;524.00;;0%
'Термонаклейка Яхта у белых домиков море;2184271983;2449977863;OZN2449977863;Термонаклейка для одежды: Яхта у белых домиков море;'22.5;Amazing pics;Продается;12;'5.00;Показывается;;11.07.2025 6:24;Материал для рукоделия;Термонаклейка;'0.19;'0.1;38;0;0;0;0;298.00;524.00;;0%
'Термонаклейка Девушка в синем у моря;2184271990;2449977838;OZN2449977838;Термонаклейка для одежды: Девушка в синем у моря;'22.5;Amazing pics;Продается;4;'5.00;Показывается;;11.07.2025 6:24;Материал для рукоделия;Термонаклейка;'0.19;'0.1;20;0;0;0;0;298.00;524.00;;0%
'Термонаклейка Египетская кошка в золоте;2184271992;2449977504;OZN2449977504;Термонаклейка для одежды: Египетская кошка в золоте;'22.5;Amazing pics;Продается;49;'5.00;Показывается;;11.07.2025 6:24;Материал для рукоделия;Термонаклейка;'0.19;'0.1;46;0;0;0;0;298.00;524.00;;0%
'Термонаклейка Графичное лицо в чёрно-белом;2184272010;2449978674;OZN2449978674;Термонаклейка для одежды: Графичное лицо в чёрно-белом;'22.5;Amazing pics;Продается;3;'5.00;Показывается;;11.07.2025 6:24;Материал для рукоделия;Термонаклейка;'0.19;'0.1;26;0;0;0;0;298.00;524.00;;0%
'Термонаклейка Треснувшая античная скульптура;2184272018;2449978115;OZN2449978115;Термонаклейка для одежды: Треснувшая античная скульптура;'22.5;Amazing pics;Продается;2;'5.00;Показывается;;11.07.2025 6:24;Материал для рукоделия;Термонаклейка;'0.19;'0.1;19;0;0;0;0;298.00;524.00;;0%
'Термонаклейка Медведь, волк и матрёшка;2184272022;2449978809;OZN2449978809;Термонаклейка для одежды: Медведь, волк и матрёшка;'22.5;Amazing pics;Продается;17;'5.00;Показывается;;11.07.2025 6:24;Материал для рукоделия;Термонаклейка;'0.19;'0.1;12;0;0;0;0;298.00;524.00;;0%
'Термонаклейка Яркий цветок акварель;2184272055;2449978546;OZN2449978546;Термонаклейка для одежды: Яркий цветок акварель;'22.5;Amazing pics;Продается;36;'5.00;Показывается;;11.07.2025 6:24;Материал для рукоделия;Термонаклейка;'0.19;'0.1;36;0;0;0;0;298.00;524.00;;0%
'Термонаклейка Вид на пляж из домика;2184272057;2449981733;OZN2449981733;Термонаклейка для одежды: Вид на пляж из домика;'22.5;Amazing pics;Продается;4;'5.00;Показывается;;11.07.2025 6:24;Материал для рукоделия;Термонаклейка;'0.19;'0.1;21;0;0;0;0;298.00;524.00;;0%
'Термонаклейка Лимоны и морской пейзаж;2184272169;2449977019;OZN2449977019;Термонаклейка для одежды: Лимоны и морской пейзаж;'22.5;Amazing pics;Продается;10;'5.00;Показывается;;11.07.2025 6:24;Материал для рукоделия;Термонаклейка;'0.19;'0.1;27;0;0;0;0;298.00;524.00;;0%
'Термонаклейка Кибер-девушка в стиле аниме;2215413287;2474254088;OZN2474254088;Термонаклейка для одежды: Кибер-девушка в стиле аниме;'22.5;Amazing pics;Продается;5;'5.00;Показывается;;15.07.2025 6:50;Материал для рукоделия;Термонаклейка;'0.64;'0.1;17;0;0;0;0;298.00;539.00;;0%
'Термонаклейка Акира Глаз ядерный взрыв;2215413295;2474251681;OZN2474251681;Термонаклейка для одежды: Акира Глаз ядерный взрыв;'22.5;Amazing pics;Продается;2;'5.00;Показывается;;15.07.2025 6:50;Материал для рукоделия;Термонаклейка;'0.64;'0.1;10;0;0;0;0;298.00;539.00;;0%
'Термонаклейка Чёрный кот Catzilla Годзилла ловит;2215413298;2474254458;OZN2474254458;Термонаклейка для одежды: Чёрный кот Catzilla Годзилла ловит;'22.5;Amazing pics;Продается;4;'5.00;Показывается;;15.07.2025 6:50;Материал для рукоделия;Термонаклейка;'0.64;'0.1;25;0;0;0;0;298.00;539.00;;0%
'Термонаклейка Скелет череп байкер огонь;2215413302;2474254911;OZN2474254911;Термонаклейка для одежды: Скелет череп байкер огонь;'22.5;Amazing pics;Продается;1;'5.00;Показывается;;15.07.2025 6:50;Материал для рукоделия;Термонаклейка;'0.64;'0.1;13;0;0;0;0;298.00;539.00;;0%
'Термонаклейка Берсерк Рыцарь с мечом под луной;2215413307;2474252885;OZN2474252885;Термонаклейка для одежды: Берсерк Рыцарь с мечом под луной;'22.5;Amazing pics;Продается;7;'5.00;Показывается;;15.07.2025 6:50;Материал для рукоделия;Термонаклейка;'0.64;'0.1;17;0;0;0;0;298.00;539.00;;0%
'Термонаклейка Шрек мем поднимает голову;2215413322;2474252719;OZN2474252719;Термонаклейка для одежды: Шрек мем поднимает голову;'22.5;Amazing pics;Продается;1;'5.00;Показывается;;15.07.2025 6:50;Материал для рукоделия;Термонаклейка;'0.64;'0.1;13;0;0;0;0;298.00;539.00;;0%
'Термонаклейка Акира мотоцикл и разрушения;2215413324;2474252861;OZN2474252861;Термонаклейка для одежды: Акира мотоцикл и разрушения;'22.5;Amazing pics;Продается;0;'5.00;Показывается;;15.07.2025 6:50;Материал для рукоделия;Термонаклейка;'0.64;'0.1;14;0;0;0;0;298.00;539.00;;0%
'Термонаклейка Кибердевушка с капюшоном;2215413329;2474254639;OZN2474254639;Термонаклейка для одежды: Кибердевушка с капюшоном;'22.5;Amazing pics;Продается;5;'5.00;Показывается;;15.07.2025 6:50;Материал для рукоделия;Термонаклейка;'0.64;'0.1;11;0;0;0;0;298.00;539.00;;0%
'Термонаклейка Кратос God of War с цитатой;2215413336;2474256003;OZN2474256003;Термонаклейка для одежды: Кратос God of War с цитатой;'22.5;Amazing pics;Продается;4;'5.00;Показывается;;15.07.2025 6:50;Материал для рукоделия;Термонаклейка;'0.64;'0.1;23;0;0;0;0;298.00;539.00;;0%
'Термонаклейка Яркий тигр с пастью на фоне луны;2215413339;2474254390;OZN2474254390;Термонаклейка для одежды: Яркий тигр с пастью на фоне луны;'22.5;Amazing pics;Продается;1;'5.00;Показывается;;15.07.2025 6:50;Материал для рукоделия;Термонаклейка;'0.64;'0.1;13;0;0;0;0;298.00;539.00;;0%
'Термонаклейка Киберпанк мужской портрет;2215413340;2474254998;OZN2474254998;Термонаклейка для одежды: Киберпанк мужской портрет;'22.5;Amazing pics;Продается;3;'5.00;Показывается;;15.07.2025 6:50;Материал для рукоделия;Термонаклейка;'0.64;'0.1;18;0;0;0;0;298.00;539.00;;0%
'Термонаклейка Череп в терновом венке и розах;2215413343;2474254021;OZN2474254021;Термонаклейка для одежды: Череп в терновом венке и розах;'22.5;Amazing pics;Продается;5;'5.00;Показывается;;15.07.2025 6:50;Материал для рукоделия;Термонаклейка;'0.64;'0.1;14;0;0;0;0;298.00;539.00;;0%
'Термонаклейка Гарри Поттер и Хагрид курят;2215413344;2474251925;OZN2474251925;Термонаклейка для одежды: Гарри Поттер и Хагрид курят;'22.5;Amazing pics;Готов к продаже;15;'5.00;Показывается;;15.07.2025 6:50;Материал для рукоделия;Термонаклейка;'0.64;'0.1;0;0;0;0;0;299.00;539.00;;0%
'Термонаклейка Череп в куртке Punk Not Dead;2215413346;2474254255;OZN2474254255;Термонаклейка для одежды: Череп в куртке Punk Not Dead;'22.5;Amazing pics;Продается;3;'5.00;Показывается;;15.07.2025 6:50;Материал для рукоделия;Термонаклейка;'0.64;'0.1;7;0;0;0;0;298.00;539.00;;0%
'Термонаклейка Акира и мотоцикл Аниме;2215413347;2474254585;OZN2474254585;Термонаклейка для одежды: Акира и мотоцикл Аниме;'22.5;Amazing pics;Продается;2;'5.00;Показывается;;15.07.2025 6:50;Материал для рукоделия;Термонаклейка;'0.64;'0.1;11;0;0;0;0;298.00;539.00;;0%
'Термонаклейка Берсерк воин в аниме стиле;2215413348;2474252626;OZN2474252626;Термонаклейка для одежды: Берсерк воин в аниме стиле;'22.5;Amazing pics;Продается;4;'5.00;Показывается;;15.07.2025 6:50;Материал для рукоделия;Термонаклейка;'0.64;'0.1;14;0;0;0;0;298.00;539.00;;0%
'Термонаклейка Девушка с автоматом аниме;2215413350;2474251481;OZN2474251481;Термонаклейка для одежды: Девушка с автоматом аниме;'22.5;Amazing pics;Продается;0;'5.00;Показывается;;15.07.2025 6:50;Материал для рукоделия;Термонаклейка;'0.64;'0.1;14;0;0;0;0;298.00;539.00;;0%
'Термонаклейка Акира на троне среди металлолома;2215413357;2474254579;OZN2474254579;Термонаклейка для одежды: Акира на троне среди металлолома;'22.5;Amazing pics;Продается;0;'5.00;Показывается;;15.07.2025 6:50;Материал для рукоделия;Термонаклейка;'0.64;'0.1;16;0;0;0;0;298.00;539.00;;0%
'Термонаклейка Лев в жёлтой куртке;2215413358;2474255592;OZN2474255592;Термонаклейка для одежды: Лев в жёлтой куртке;'22.5;Amazing pics;Продается;1;'5.00;Показывается;;15.07.2025 6:50;Материал для рукоделия;Термонаклейка;'0.64;'0.1;12;0;0;0;0;298.00;539.00;;0%
'Термонаклейка Пантера в огненной ярости красный;2215413359;2474254273;OZN2474254273;Термонаклейка для одежды: Пантера в огненной ярости красный;'22.5;Amazing pics;Продается;3;'5.00;Показывается;;15.07.2025 6:50;Материал для рукоделия;Термонаклейка;'0.64;'0.1;12;0;0;0;0;298.00;539.00;;0%
'Термонаклейка Самурай в маске воина;2215413360;2474251571;OZN2474251571;Термонаклейка для одежды: Самурай в маске воина;'22.5;Amazing pics;Продается;12;'5.00;Показывается;;15.07.2025 6:50;Материал для рукоделия;Термонаклейка;'0.64;'0.1;16;0;0;0;0;298.00;539.00;;0%
'Термонаклейка Зомби-дядя Сэм с надписью CONSUME;2215413361;2474253289;OZN2474253289;Термонаклейка для одежды: Зомби-дядя Сэм с надписью CONSUME;'22.5;Amazing pics;Продается;0;'5.00;Показывается;;15.07.2025 6:50;Материал для рукоделия;Термонаклейка;'0.64;'0.1;16;0;0;0;0;298.00;539.00;;0%
'Термонаклейка Шредер и Кренг из Черепашек-ниндзя;2215413371;2474252601;OZN2474252601;Термонаклейка для одежды: Шредер и Кренг из Черепашек-ниндзя;'22.5;Amazing pics;Продается;1;'5.00;Показывается;;15.07.2025 6:50;Материал для рукоделия;Термонаклейка;'0.64;'0.1;8;0;0;0;0;298.00;539.00;;0%
'Термонаклейка Киберпанк череп с ирокезом;2215413373;2474253325;OZN2474253325;Термонаклейка для одежды: Киберпанк череп с ирокезом;'22.5;Amazing pics;Продается;1;'5.00;Показывается;;15.07.2025 6:50;Материал для рукоделия;Термонаклейка;'0.64;'0.1;12;0;0;0;0;298.00;539.00;;0%
'Термонаклейка Белый волк с красным солнцем;2215413389;2474253882;OZN2474253882;Термонаклейка для одежды: Белый волк с красным солнцем;'22.5;Amazing pics;Продается;17;'5.00;Показывается;;15.07.2025 6:50;Материал для рукоделия;Термонаклейка;'0.06;'0.1;16;1;0;0;0;298.00;539.00;;0%
'Термонаклейка Сигма мем американский психопат;2215413390;2474253913;OZN2474253913;Термонаклейка для одежды: Сигма мем американский психопат;'22.5;Amazing pics;Продается;1;'5.00;Показывается;;15.07.2025 6:50;Материал для рукоделия;Термонаклейка;'0.64;'0.1;12;0;0;0;0;298.00;539.00;;0%
'Термонаклейка Череп с рогами и логотипом Metallica;2215413408;2474255236;OZN2474255236;Термонаклейка для одежды: Череп с рогами и логотипом Metallica;'22.5;Amazing pics;Продается;4;'5.00;Показывается;;15.07.2025 6:50;Материал для рукоделия;Термонаклейка;'0.64;'0.1;8;0;0;0;0;298.00;539.00;;0%
'Термонаклейка Яркий аниме белый дракон с огнём;2215413434;2474252891;OZN2474252891;Термонаклейка для одежды: Яркий аниме белый дракон с огнём;'22.5;Amazing pics;Продается;5;'5.00;Показывается;;15.07.2025 6:50;Материал для рукоделия;Термонаклейка;'0.64;'0.1;12;0;0;0;0;298.00;539.00;;0%
'Термонаклейка Чёрный кот Catzilla Годзилла луч;2215641223;2474431127;OZN2474431127;Термонаклейка для одежды: Чёрный кот Catzilla Годзилла луч;'22.5;Amazing pics;Продается;4;'5.00;Показывается;;15.07.2025 7:06;Материал для рукоделия;Термонаклейка;'0.64;'0.1;18;0;0;0;0;298.00;539.00;;0%
'Игрушка для детей Лягушка test;2881584258;2974138961;OZN2974138961;Игрушка для детей, антистресс для взрослых Лягушка test;'50;Amazing pics;Готов к продаже;0;'0.00;Показывается;;15.10.2025 9:33;Игрушки;Фигурка;'0.40;'0.1;0;0;0;0;0;199.00;599.00;;0%
